#
# There is insufficient memory for the Java Runtime Environment to continue.
# Native memory allocation (malloc) failed to allocate 3947856 bytes. Error detail: Chunk::new
# Possible reasons:
#   The system is out of physical RAM or swap space
#   This process is running with CompressedOops enabled, and the Java Heap may be blocking the growth of the native heap
# Possible solutions:
#   Reduce memory load on the system
#   Increase physical memory or swap space
#   Check if swap backing store is full
#   Decrease Java heap size (-Xmx/-Xms)
#   Decrease number of Java threads
#   Decrease Java thread stack sizes (-Xss)
#   Set larger code cache with -XX:ReservedCodeCacheSize=
#   JVM is running with Unscaled Compressed Oops mode in which the Java heap is
#     placed in the first 4GB address space. The Java Heap base address is the
#     maximum limit for the native heap growth. Please use -XX:HeapBaseMinAddress
#     to set the Java Heap base and to place the Java Heap above 4GB virtual address.
# This output file may be truncated or incomplete.
#
#  Out of Memory Error (arena.cpp:162), pid=32016, tid=27212
#
# JRE version: Java(TM) SE Runtime Environment (24.0.2+12) (build 24.0.2+12-54)
# Java VM: Java HotSpot(TM) 64-Bit Server VM (24.0.2+12-54, mixed mode, sharing, tiered, compressed oops, compressed class ptrs, g1 gc, windows-amd64)
# No core dump will be written. Minidumps are not enabled by default on client versions of Windows
#

---------------  S U M M A R Y ------------

Command Line: -XX:+ShowCodeDetailsInExceptionMessages com.mo.mediaodyssey.MediaodysseyApplication

Host: 11th Gen Intel(R) Core(TM) i5-1135G7 @ 2.40GHz, 8 cores, 7G,  Windows 11 , 64 bit Build 26100 (10.0.26100.8115)
Time: Sat Apr  4 12:52:22 2026 Pacific Daylight Time elapsed time: 59072.231006 seconds (0d 16h 24m 32s)

---------------  T H R E A D  ---------------

Current thread (0x00000277910203c0):  JavaThread "C2 CompilerThread0" daemon [_thread_in_native, id=27212, stack(0x000000da0b600000,0x000000da0b700000) (1024K)]


Current CompileTask:
C2:59072231 48517       4       java.util.concurrent.ScheduledThreadPoolExecutor$ScheduledFutureTask::cancel (38 bytes)

Stack: [0x000000da0b600000,0x000000da0b700000]
Native frames: (J=compiled Java code, j=interpreted, Vv=VM code, C=native code)
V  [jvm.dll+0x730829]  (no source info available)
V  [jvm.dll+0x8d9da3]  (no source info available)
V  [jvm.dll+0x8dc28d]  (no source info available)
V  [jvm.dll+0x8dc903]  (no source info available)
V  [jvm.dll+0x2a9f56]  (no source info available)
V  [jvm.dll+0xced7f]  (no source info available)
V  [jvm.dll+0xcefdf]  (no source info available)
V  [jvm.dll+0x154c83]  (no source info available)
V  [jvm.dll+0x73604f]  (no source info available)
V  [jvm.dll+0x26f8dc]  (no source info available)
V  [jvm.dll+0x26e8ff]  (no source info available)
V  [jvm.dll+0x1e9c90]  (no source info available)
V  [jvm.dll+0x27e0cb]  (no source info available)
V  [jvm.dll+0x27c36a]  (no source info available)
V  [jvm.dll+0x42f396]  (no source info available)
V  [jvm.dll+0x87d9eb]  (no source info available)
V  [jvm.dll+0x72ef45]  (no source info available)
C  [ucrtbase.dll+0x37b0]  (no source info available)
C  [KERNEL32.DLL+0x2e8d7]  (no source info available)
C  [ntdll.dll+0x8c3fc]  (no source info available)

Lock stack of current Java thread (top to bottom):


---------------  P R O C E S S  ---------------

Threads class SMR info:
_java_thread_list=0x000002779d1a1fe0, length=15, elements={
0x000002774bd42140, 0x000002774bd42880, 0x000002774bd45710, 0x000002774bd46460,
0x000002774bd471b0, 0x000002774bd51340, 0x00000277910203c0, 0x000002774bd56430,
0x00000277910e2300, 0x00000277910f1380, 0x000002779358fc70, 0x000002779363f760,
0x00000277936414a0, 0x0000027792576c30, 0x0000027795cda900
}

Java Threads: ( => current thread )
  0x000002774bd42140 JavaThread "Reference Handler"          daemon [_thread_blocked, id=27752, stack(0x000000da0b000000,0x000000da0b100000) (1024K)]
  0x000002774bd42880 JavaThread "Finalizer"                  daemon [_thread_blocked, id=21800, stack(0x000000da0b100000,0x000000da0b200000) (1024K)]
  0x000002774bd45710 JavaThread "Signal Dispatcher"          daemon [_thread_blocked, id=32244, stack(0x000000da0b200000,0x000000da0b300000) (1024K)]
  0x000002774bd46460 JavaThread "Attach Listener"            daemon [_thread_blocked, id=31696, stack(0x000000da0b300000,0x000000da0b400000) (1024K)]
  0x000002774bd471b0 JavaThread "Service Thread"             daemon [_thread_blocked, id=10696, stack(0x000000da0b400000,0x000000da0b500000) (1024K)]
  0x000002774bd51340 JavaThread "Monitor Deflation Thread"   daemon [_thread_blocked, id=4432, stack(0x000000da0b500000,0x000000da0b600000) (1024K)]
=>0x00000277910203c0 JavaThread "C2 CompilerThread0"         daemon [_thread_in_native, id=27212, stack(0x000000da0b600000,0x000000da0b700000) (1024K)]
  0x000002774bd56430 JavaThread "C1 CompilerThread0"         daemon [_thread_blocked, id=30404, stack(0x000000da0b700000,0x000000da0b800000) (1024K)]
  0x00000277910e2300 JavaThread "Notification Thread"        daemon [_thread_blocked, id=16220, stack(0x000000da0b800000,0x000000da0b900000) (1024K)]
  0x00000277910f1380 JavaThread "Common-Cleaner"             daemon [_thread_blocked, id=16768, stack(0x000000da0b900000,0x000000da0ba00000) (1024K)]
  0x000002779358fc70 JavaThread "Cleaner-0"                  daemon [_thread_blocked, id=22136, stack(0x000000da0c500000,0x000000da0c600000) (1024K)]
  0x000002779363f760 JavaThread "DestroyJavaVM"                     [_thread_blocked, id=34060, stack(0x000000da0a800000,0x000000da0a900000) (1024K)]
  0x00000277936414a0 JavaThread "File Watcher"               daemon [_thread_blocked, id=33492, stack(0x000000da0a600000,0x000000da0a700000) (1024K)]
  0x0000027792576c30 JavaThread "File Watcher"               daemon [_thread_blocked, id=27136, stack(0x000000da0a700000,0x000000da0a800000) (1024K)]
  0x0000027795cda900 JavaThread "Thread-723"                        [_thread_blocked, id=25504, stack(0x000000da0a500000,0x000000da0a600000) (1024K)]
Total: 15

Other Threads:
  0x000002774bd29da0 VMThread "VM Thread"                           [id=32480, stack(0x000000da0af00000,0x000000da0b000000) (1024K)]
  0x000002774bd17be0 WatcherThread "VM Periodic Task Thread"        [id=27036, stack(0x000000da0ae00000,0x000000da0af00000) (1024K)]
  0x000002772f0e2860 WorkerThread "GC Thread#0"                     [id=25724, stack(0x000000da0a900000,0x000000da0aa00000) (1024K)]
  0x00000277921b5e40 WorkerThread "GC Thread#1"                     [id=30520, stack(0x000000da0be00000,0x000000da0bf00000) (1024K)]
  0x00000277921b61f0 WorkerThread "GC Thread#2"                     [id=32844, stack(0x000000da0bf00000,0x000000da0c000000) (1024K)]
  0x00000277921b65a0 WorkerThread "GC Thread#3"                     [id=14992, stack(0x000000da0c000000,0x000000da0c100000) (1024K)]
  0x00000277923bb700 WorkerThread "GC Thread#4"                     [id=35216, stack(0x000000da0c100000,0x000000da0c200000) (1024K)]
  0x00000277923bbab0 WorkerThread "GC Thread#5"                     [id=24160, stack(0x000000da0c200000,0x000000da0c300000) (1024K)]
  0x00000277923bbe60 WorkerThread "GC Thread#6"                     [id=15988, stack(0x000000da0c300000,0x000000da0c400000) (1024K)]
  0x00000277923bc210 WorkerThread "GC Thread#7"                     [id=33948, stack(0x000000da0c400000,0x000000da0c500000) (1024K)]
  0x000002772f0f6e10 ConcurrentGCThread "G1 Main Marker"            [id=33988, stack(0x000000da0aa00000,0x000000da0ab00000) (1024K)]
  0x000002772f0f8810 WorkerThread "G1 Conc#0"                       [id=18064, stack(0x000000da0ab00000,0x000000da0ac00000) (1024K)]
  0x0000027792cc5600 WorkerThread "G1 Conc#1"                       [id=22116, stack(0x000000da0c600000,0x000000da0c700000) (1024K)]
  0x000002774bbdae70 ConcurrentGCThread "G1 Refine#0"               [id=21172, stack(0x000000da0ac00000,0x000000da0ad00000) (1024K)]
  0x000002774bbdd810 ConcurrentGCThread "G1 Service"                [id=27664, stack(0x000000da0ad00000,0x000000da0ae00000) (1024K)]
Total: 15

Threads with active compile tasks:
C2 CompilerThread0  59073380 48517       4       java.util.concurrent.ScheduledThreadPoolExecutor$ScheduledFutureTask::cancel (38 bytes)
Total: 1

VM state: at safepoint (normal execution)

VM Mutex/Monitor currently owned by a thread:  ([mutex/lock_event])
[0x00007ff8cebc44f0] Threads_lock - owner thread: 0x000002774bd29da0
[0x00007ff8cebc45f0] Heap_lock - owner thread: 0x0000027795cda900

Heap address: 0x0000000084400000, size: 1980 MB, Compressed Oops mode: 32-bit

CDS archive(s) mapped at: [0x000002774c000000-0x000002774cd40000-0x000002774cd40000), size 13893632, SharedBaseAddress: 0x000002774c000000, ArchiveRelocationMode: 1.
Compressed class space mapped at: 0x000002774d000000-0x000002778d000000, reserved size: 1073741824
UseCompressedClassPointers 1, UseCompactObjectHeaders 0
Narrow klass pointer bits 32, Max shift 3
Narrow klass base: 0x000002774c000000, Narrow klass shift: 0
Encoding Range: [0x000002774c000000 - 0x000002784c000000), (4294967296 bytes)
Klass Range:    [0x000002774c000000 - 0x000002778d000000), (1090519040 bytes)
Klass ID Range:  [8 - 1090519033) (1090519025)

GC Precious Log:
 CardTable entry size: 512
 Card Set container configuration: InlinePtr #cards 5 size 8 Array Of Cards #cards 10 size 36 Howl #buckets 4 coarsen threshold 1843 Howl Bitmap #cards 512 size 80 coarsen threshold 460 Card regions per heap region 1 cards per card region 2048
 CPUs: 8 total, 8 available
 Memory: 7914M
 Large Page Support: Disabled
 NUMA Support: Disabled
 Compressed Oops: Enabled (32-bit)
 Heap Region Size: 1M
 Heap Min Capacity: 8M
 Heap Initial Capacity: 124M
 Heap Max Capacity: 1980M
 Pre-touch: Disabled
 Parallel Workers: 8
 Concurrent Workers: 2
 Concurrent Refinement Workers: 8
 Periodic GC: Disabled

Heap:
 garbage-first heap   total reserved 2027520K, committed 307200K, used 120276K [0x0000000084400000, 0x0000000100000000)
  region size 1024K, 45 young (46080K), 14 survivors (14336K)
 Metaspace       used 174636K, committed 176128K, reserved 1310720K
  class space    used 17255K, committed 17984K, reserved 1048576K

Heap Regions: E=young(eden), S=young(survivor), O=old, HS=humongous(starts), HC=humongous(continues), CS=collection set, F=free, TAMS=top-at-mark-start, PB=parsable bottom
|   0|0x0000000084400000, 0x0000000084500000, 0x0000000084500000|100%|HS|  |TAMS 0x0000000084400000| PB 0x0000000084400000| Complete |  0
|   1|0x0000000084500000, 0x0000000084600000, 0x0000000084600000|100%|HS|  |TAMS 0x0000000084500000| PB 0x0000000084500000| Complete |  0
|   2|0x0000000084600000, 0x00000000846fffc8, 0x0000000084700000| 99%| O|  |TAMS 0x0000000084600000| PB 0x0000000084600000| Untracked |  0
|   3|0x0000000084700000, 0x0000000084800000, 0x0000000084800000|100%| O|  |TAMS 0x0000000084700000| PB 0x0000000084700000| Untracked |  0
|   4|0x0000000084800000, 0x00000000848fffd8, 0x0000000084900000| 99%| O|  |TAMS 0x0000000084800000| PB 0x0000000084800000| Untracked |  0
|   5|0x0000000084900000, 0x0000000084a00000, 0x0000000084a00000|100%| O|  |TAMS 0x0000000084900000| PB 0x0000000084900000| Untracked |  0
|   6|0x0000000084a00000, 0x0000000084affde8, 0x0000000084b00000| 99%| O|  |TAMS 0x0000000084a00000| PB 0x0000000084a00000| Untracked |  0
|   7|0x0000000084b00000, 0x0000000084bffff0, 0x0000000084c00000| 99%| O|  |TAMS 0x0000000084b00000| PB 0x0000000084b00000| Untracked |  0
|   8|0x0000000084c00000, 0x0000000084cffff0, 0x0000000084d00000| 99%| O|  |TAMS 0x0000000084c00000| PB 0x0000000084c00000| Untracked |  0
|   9|0x0000000084d00000, 0x0000000084dfffb0, 0x0000000084e00000| 99%| O|  |TAMS 0x0000000084d00000| PB 0x0000000084d00000| Untracked |  0
|  10|0x0000000084e00000, 0x0000000084f00000, 0x0000000084f00000|100%| O|  |TAMS 0x0000000084e00000| PB 0x0000000084e00000| Untracked |  0
|  11|0x0000000084f00000, 0x0000000084ffffd8, 0x0000000085000000| 99%| O|  |TAMS 0x0000000084f00000| PB 0x0000000084f00000| Untracked |  0
|  12|0x0000000085000000, 0x00000000850fffb0, 0x0000000085100000| 99%| O|  |TAMS 0x0000000085000000| PB 0x0000000085000000| Untracked |  0
|  13|0x0000000085100000, 0x00000000851fffe0, 0x0000000085200000| 99%| O|  |TAMS 0x0000000085100000| PB 0x0000000085100000| Untracked |  0
|  14|0x0000000085200000, 0x0000000085300000, 0x0000000085300000|100%| O|  |TAMS 0x0000000085200000| PB 0x0000000085200000| Untracked |  0
|  15|0x0000000085300000, 0x0000000085400000, 0x0000000085400000|100%| O|  |TAMS 0x0000000085300000| PB 0x0000000085300000| Untracked |  0
|  16|0x0000000085400000, 0x00000000854ffff8, 0x0000000085500000| 99%| O|  |TAMS 0x0000000085400000| PB 0x0000000085400000| Untracked |  0
|  17|0x0000000085500000, 0x00000000855ffff0, 0x0000000085600000| 99%| O|  |TAMS 0x0000000085500000| PB 0x0000000085500000| Untracked |  0
|  18|0x0000000085600000, 0x00000000856fffd8, 0x0000000085700000| 99%| O|  |TAMS 0x0000000085600000| PB 0x0000000085600000| Untracked |  0
|  19|0x0000000085700000, 0x00000000857ffff0, 0x0000000085800000| 99%| O|  |TAMS 0x0000000085700000| PB 0x0000000085700000| Untracked |  0
|  20|0x0000000085800000, 0x00000000858ffff8, 0x0000000085900000| 99%| O|  |TAMS 0x0000000085800000| PB 0x0000000085800000| Untracked |  0
|  21|0x0000000085900000, 0x00000000859ffff0, 0x0000000085a00000| 99%| O|  |TAMS 0x0000000085900000| PB 0x0000000085900000| Untracked |  0
|  22|0x0000000085a00000, 0x0000000085affff8, 0x0000000085b00000| 99%| O|  |TAMS 0x0000000085a00000| PB 0x0000000085a00000| Untracked |  0
|  23|0x0000000085b00000, 0x0000000085c00000, 0x0000000085c00000|100%| O|  |TAMS 0x0000000085b00000| PB 0x0000000085b00000| Untracked |  0
|  24|0x0000000085c00000, 0x0000000085d00000, 0x0000000085d00000|100%| O|  |TAMS 0x0000000085c00000| PB 0x0000000085c00000| Untracked |  0
|  25|0x0000000085d00000, 0x0000000085df79f0, 0x0000000085e00000| 96%| O|  |TAMS 0x0000000085d00000| PB 0x0000000085d00000| Untracked |  0
|  26|0x0000000085e00000, 0x0000000085effff8, 0x0000000085f00000| 99%| O|  |TAMS 0x0000000085e00000| PB 0x0000000085e00000| Untracked |  0
|  27|0x0000000085f00000, 0x0000000085fffff0, 0x0000000086000000| 99%| O|  |TAMS 0x0000000085f00000| PB 0x0000000085f00000| Untracked |  0
|  28|0x0000000086000000, 0x00000000860fffb8, 0x0000000086100000| 99%| O|  |TAMS 0x0000000086000000| PB 0x0000000086000000| Untracked |  0
|  29|0x0000000086100000, 0x00000000861fffe0, 0x0000000086200000| 99%| O|  |TAMS 0x0000000086100000| PB 0x0000000086100000| Untracked |  0
|  30|0x0000000086200000, 0x0000000086300000, 0x0000000086300000|100%| O|  |TAMS 0x0000000086200000| PB 0x0000000086200000| Untracked |  0
|  31|0x0000000086300000, 0x00000000863ffff8, 0x0000000086400000| 99%| O|  |TAMS 0x0000000086300000| PB 0x0000000086300000| Untracked |  0
|  32|0x0000000086400000, 0x00000000864fffe8, 0x0000000086500000| 99%| O|  |TAMS 0x0000000086400000| PB 0x0000000086400000| Untracked |  0
|  33|0x0000000086500000, 0x00000000865fff98, 0x0000000086600000| 99%| O|  |TAMS 0x0000000086500000| PB 0x0000000086500000| Untracked |  0
|  34|0x0000000086600000, 0x00000000866ffff8, 0x0000000086700000| 99%| O|  |TAMS 0x0000000086600000| PB 0x0000000086600000| Untracked |  0
|  35|0x0000000086700000, 0x00000000867fffe8, 0x0000000086800000| 99%| O|  |TAMS 0x0000000086700000| PB 0x0000000086700000| Untracked |  0
|  36|0x0000000086800000, 0x0000000086900000, 0x0000000086900000|100%| O|  |TAMS 0x0000000086800000| PB 0x0000000086800000| Untracked |  0
|  37|0x0000000086900000, 0x0000000086a00000, 0x0000000086a00000|100%| O|  |TAMS 0x0000000086900000| PB 0x0000000086900000| Untracked |  0
|  38|0x0000000086a00000, 0x0000000086b00000, 0x0000000086b00000|100%| O|  |TAMS 0x0000000086a00000| PB 0x0000000086a00000| Untracked |  0
|  39|0x0000000086b00000, 0x0000000086bfffb0, 0x0000000086c00000| 99%| O|  |TAMS 0x0000000086b00000| PB 0x0000000086b00000| Untracked |  0
|  40|0x0000000086c00000, 0x0000000086cffff0, 0x0000000086d00000| 99%| O|  |TAMS 0x0000000086c00000| PB 0x0000000086c00000| Untracked |  0
|  41|0x0000000086d00000, 0x0000000086dfffd8, 0x0000000086e00000| 99%| O|  |TAMS 0x0000000086d00000| PB 0x0000000086d00000| Untracked |  0
|  42|0x0000000086e00000, 0x0000000086efffd8, 0x0000000086f00000| 99%| O|  |TAMS 0x0000000086e00000| PB 0x0000000086e00000| Untracked |  0
|  43|0x0000000086f00000, 0x0000000086ffffb8, 0x0000000087000000| 99%| O|  |TAMS 0x0000000086f00000| PB 0x0000000086f00000| Untracked |  0
|  44|0x0000000087000000, 0x00000000870fffb8, 0x0000000087100000| 99%| O|  |TAMS 0x0000000087000000| PB 0x0000000087000000| Untracked |  0
|  45|0x0000000087100000, 0x0000000087200000, 0x0000000087200000|100%| O|  |TAMS 0x0000000087100000| PB 0x0000000087100000| Untracked |  0
|  46|0x0000000087200000, 0x00000000872fffe0, 0x0000000087300000| 99%| O|  |TAMS 0x0000000087200000| PB 0x0000000087200000| Untracked |  0
|  47|0x0000000087300000, 0x00000000873ffff0, 0x0000000087400000| 99%| O|  |TAMS 0x0000000087300000| PB 0x0000000087300000| Untracked |  0
|  48|0x0000000087400000, 0x00000000874fffe0, 0x0000000087500000| 99%| O|  |TAMS 0x0000000087400000| PB 0x0000000087400000| Untracked |  0
|  49|0x0000000087500000, 0x00000000875ffff8, 0x0000000087600000| 99%| O|  |TAMS 0x0000000087500000| PB 0x0000000087500000| Untracked |  0
|  50|0x0000000087600000, 0x00000000876ffff0, 0x0000000087700000| 99%| O|  |TAMS 0x0000000087600000| PB 0x0000000087600000| Untracked |  0
|  51|0x0000000087700000, 0x00000000877ffe98, 0x0000000087800000| 99%| O|  |TAMS 0x0000000087700000| PB 0x0000000087700000| Untracked |  0
|  52|0x0000000087800000, 0x00000000878fffe8, 0x0000000087900000| 99%| O|  |TAMS 0x0000000087800000| PB 0x0000000087800000| Untracked |  0
|  53|0x0000000087900000, 0x00000000879ffff0, 0x0000000087a00000| 99%| O|  |TAMS 0x0000000087900000| PB 0x0000000087900000| Untracked |  0
|  54|0x0000000087a00000, 0x0000000087b00000, 0x0000000087b00000|100%| O|  |TAMS 0x0000000087a00000| PB 0x0000000087a00000| Untracked |  0
|  55|0x0000000087b00000, 0x0000000087bffff8, 0x0000000087c00000| 99%| O|  |TAMS 0x0000000087b00000| PB 0x0000000087b00000| Untracked |  0
|  56|0x0000000087c00000, 0x0000000087cffff8, 0x0000000087d00000| 99%| O|  |TAMS 0x0000000087c00000| PB 0x0000000087c00000| Untracked |  0
|  57|0x0000000087d00000, 0x0000000087dffff0, 0x0000000087e00000| 99%| O|  |TAMS 0x0000000087d00000| PB 0x0000000087d00000| Untracked |  0
|  58|0x0000000087e00000, 0x0000000087effff0, 0x0000000087f00000| 99%| O|  |TAMS 0x0000000087e00000| PB 0x0000000087e00000| Untracked |  0
|  59|0x0000000087f00000, 0x0000000088000000, 0x0000000088000000|100%| O|  |TAMS 0x0000000087f00000| PB 0x0000000087f00000| Untracked |  0
|  60|0x0000000088000000, 0x00000000880fffe0, 0x0000000088100000| 99%| O|  |TAMS 0x0000000088000000| PB 0x0000000088000000| Untracked |  0
|  61|0x0000000088100000, 0x0000000088200000, 0x0000000088200000|100%| O|  |TAMS 0x0000000088100000| PB 0x0000000088100000| Untracked |  0
|  62|0x0000000088200000, 0x00000000882fffc0, 0x0000000088300000| 99%| O|  |TAMS 0x0000000088200000| PB 0x0000000088200000| Untracked |  0
|  63|0x0000000088300000, 0x00000000883ffff0, 0x0000000088400000| 99%| O|  |TAMS 0x0000000088300000| PB 0x0000000088300000| Untracked |  0
|  64|0x0000000088400000, 0x00000000884fffc0, 0x0000000088500000| 99%| O|  |TAMS 0x0000000088400000| PB 0x0000000088400000| Untracked |  0
|  65|0x0000000088500000, 0x00000000885fffe8, 0x0000000088600000| 99%| O|  |TAMS 0x0000000088500000| PB 0x0000000088500000| Untracked |  0
|  66|0x0000000088600000, 0x00000000886fffe8, 0x0000000088700000| 99%| O|  |TAMS 0x0000000088600000| PB 0x0000000088600000| Untracked |  0
|  67|0x0000000088700000, 0x00000000887f2af0, 0x0000000088800000| 94%| O|  |TAMS 0x0000000088700000| PB 0x0000000088700000| Untracked |  0
|  68|0x0000000088800000, 0x00000000888a1c20, 0x0000000088900000| 63%| O|  |TAMS 0x0000000088800000| PB 0x0000000088800000| Untracked |  0
|  69|0x0000000088900000, 0x00000000889ff6c8, 0x0000000088a00000| 99%| O|  |TAMS 0x0000000088900000| PB 0x0000000088900000| Untracked |  0
|  70|0x0000000088a00000, 0x0000000088af9bd0, 0x0000000088b00000| 97%| O|  |TAMS 0x0000000088a00000| PB 0x0000000088a00000| Untracked |  0
|  71|0x0000000088b00000, 0x0000000088bfa988, 0x0000000088c00000| 97%| O|  |TAMS 0x0000000088b00000| PB 0x0000000088b00000| Untracked |  0
|  72|0x0000000088c00000, 0x0000000088cfffe0, 0x0000000088d00000| 99%| O|  |TAMS 0x0000000088c00000| PB 0x0000000088c00000| Untracked |  0
|  73|0x0000000088d00000, 0x0000000088d00000, 0x0000000088e00000|  0%| F|  |TAMS 0x0000000088d00000| PB 0x0000000088d00000| Untracked |  0
|  74|0x0000000088e00000, 0x0000000088e00000, 0x0000000088f00000|  0%| F|  |TAMS 0x0000000088e00000| PB 0x0000000088e00000| Untracked |  0
|  75|0x0000000088f00000, 0x0000000088f07ab0, 0x0000000089000000|  2%| O|Cm|TAMS 0x0000000088f00000| PB 0x0000000088f00000| Complete |  0
|  76|0x0000000089000000, 0x0000000089000000, 0x0000000089100000|  0%| F|  |TAMS 0x0000000089000000| PB 0x0000000089000000| Untracked |  0
|  77|0x0000000089100000, 0x0000000089100000, 0x0000000089200000|  0%| F|  |TAMS 0x0000000089100000| PB 0x0000000089100000| Untracked |  0
|  78|0x0000000089200000, 0x00000000892525f8, 0x0000000089300000| 32%| O|  |TAMS 0x0000000089200000| PB 0x0000000089200000| Untracked |  0
|  79|0x0000000089300000, 0x0000000089300000, 0x0000000089400000|  0%| F|  |TAMS 0x0000000089300000| PB 0x0000000089300000| Untracked |  0
|  80|0x0000000089400000, 0x0000000089400000, 0x0000000089500000|  0%| F|  |TAMS 0x0000000089400000| PB 0x0000000089400000| Untracked |  0
|  81|0x0000000089500000, 0x0000000089500000, 0x0000000089600000|  0%| F|  |TAMS 0x0000000089500000| PB 0x0000000089500000| Untracked |  0
|  82|0x0000000089600000, 0x0000000089600000, 0x0000000089700000|  0%| F|  |TAMS 0x0000000089600000| PB 0x0000000089600000| Untracked |  0
|  83|0x0000000089700000, 0x0000000089700000, 0x0000000089800000|  0%| F|  |TAMS 0x0000000089700000| PB 0x0000000089700000| Untracked |  0
|  84|0x0000000089800000, 0x0000000089800000, 0x0000000089900000|  0%| F|  |TAMS 0x0000000089800000| PB 0x0000000089800000| Untracked |  0
|  85|0x0000000089900000, 0x0000000089900000, 0x0000000089a00000|  0%| F|  |TAMS 0x0000000089900000| PB 0x0000000089900000| Untracked |  0
|  86|0x0000000089a00000, 0x0000000089a00000, 0x0000000089b00000|  0%| F|  |TAMS 0x0000000089a00000| PB 0x0000000089a00000| Untracked |  0
|  87|0x0000000089b00000, 0x0000000089b00000, 0x0000000089c00000|  0%| F|  |TAMS 0x0000000089b00000| PB 0x0000000089b00000| Untracked |  0
|  88|0x0000000089c00000, 0x0000000089c00000, 0x0000000089d00000|  0%| F|  |TAMS 0x0000000089c00000| PB 0x0000000089c00000| Untracked |  0
|  89|0x0000000089d00000, 0x0000000089d00000, 0x0000000089e00000|  0%| F|  |TAMS 0x0000000089d00000| PB 0x0000000089d00000| Untracked |  0
|  90|0x0000000089e00000, 0x0000000089e00000, 0x0000000089f00000|  0%| F|  |TAMS 0x0000000089e00000| PB 0x0000000089e00000| Untracked |  0
|  91|0x0000000089f00000, 0x0000000089f00000, 0x000000008a000000|  0%| F|  |TAMS 0x0000000089f00000| PB 0x0000000089f00000| Untracked |  0
|  92|0x000000008a000000, 0x000000008a000000, 0x000000008a100000|  0%| F|  |TAMS 0x000000008a000000| PB 0x000000008a000000| Untracked |  0
|  93|0x000000008a100000, 0x000000008a100000, 0x000000008a200000|  0%| F|  |TAMS 0x000000008a100000| PB 0x000000008a100000| Untracked |  0
|  94|0x000000008a200000, 0x000000008a200000, 0x000000008a300000|  0%| F|  |TAMS 0x000000008a200000| PB 0x000000008a200000| Untracked |  0
|  95|0x000000008a300000, 0x000000008a39bdb0, 0x000000008a400000| 60%| S|CS|TAMS 0x000000008a300000| PB 0x000000008a300000| Complete |  0
|  96|0x000000008a400000, 0x000000008a500000, 0x000000008a500000|100%| S|CS|TAMS 0x000000008a400000| PB 0x000000008a400000| Complete |  0
|  97|0x000000008a500000, 0x000000008a600000, 0x000000008a600000|100%| S|CS|TAMS 0x000000008a500000| PB 0x000000008a500000| Complete |  0
|  98|0x000000008a600000, 0x000000008a700000, 0x000000008a700000|100%| S|CS|TAMS 0x000000008a600000| PB 0x000000008a600000| Complete |  0
|  99|0x000000008a700000, 0x000000008a800000, 0x000000008a800000|100%| S|CS|TAMS 0x000000008a700000| PB 0x000000008a700000| Complete |  0
| 100|0x000000008a800000, 0x000000008a900000, 0x000000008a900000|100%| S|CS|TAMS 0x000000008a800000| PB 0x000000008a800000| Complete |  0
| 101|0x000000008a900000, 0x000000008aa00000, 0x000000008aa00000|100%| S|CS|TAMS 0x000000008a900000| PB 0x000000008a900000| Complete |  0
| 102|0x000000008aa00000, 0x000000008ab00000, 0x000000008ab00000|100%| S|CS|TAMS 0x000000008aa00000| PB 0x000000008aa00000| Complete |  0
| 103|0x000000008ab00000, 0x000000008ac00000, 0x000000008ac00000|100%| S|CS|TAMS 0x000000008ab00000| PB 0x000000008ab00000| Complete |  0
| 104|0x000000008ac00000, 0x000000008ad00000, 0x000000008ad00000|100%| S|CS|TAMS 0x000000008ac00000| PB 0x000000008ac00000| Complete |  0
| 105|0x000000008ad00000, 0x000000008ae00000, 0x000000008ae00000|100%| S|CS|TAMS 0x000000008ad00000| PB 0x000000008ad00000| Complete |  0
| 106|0x000000008ae00000, 0x000000008af00000, 0x000000008af00000|100%| S|CS|TAMS 0x000000008ae00000| PB 0x000000008ae00000| Complete |  0
| 107|0x000000008af00000, 0x000000008b000000, 0x000000008b000000|100%| S|CS|TAMS 0x000000008af00000| PB 0x000000008af00000| Complete |  0
| 108|0x000000008b000000, 0x000000008b100000, 0x000000008b100000|100%| S|CS|TAMS 0x000000008b000000| PB 0x000000008b000000| Complete |  0
| 109|0x000000008b100000, 0x000000008b100000, 0x000000008b200000|  0%| F|  |TAMS 0x000000008b100000| PB 0x000000008b100000| Untracked |  0
| 110|0x000000008b200000, 0x000000008b200000, 0x000000008b300000|  0%| F|  |TAMS 0x000000008b200000| PB 0x000000008b200000| Untracked |  0
| 111|0x000000008b300000, 0x000000008b300000, 0x000000008b400000|  0%| F|  |TAMS 0x000000008b300000| PB 0x000000008b300000| Untracked |  0
| 112|0x000000008b400000, 0x000000008b400000, 0x000000008b500000|  0%| F|  |TAMS 0x000000008b400000| PB 0x000000008b400000| Untracked |  0
| 113|0x000000008b500000, 0x000000008b500000, 0x000000008b600000|  0%| F|  |TAMS 0x000000008b500000| PB 0x000000008b500000| Untracked |  0
| 114|0x000000008b600000, 0x000000008b600000, 0x000000008b700000|  0%| F|  |TAMS 0x000000008b600000| PB 0x000000008b600000| Untracked |  0
| 115|0x000000008b700000, 0x000000008b700000, 0x000000008b800000|  0%| F|  |TAMS 0x000000008b700000| PB 0x000000008b700000| Untracked |  0
| 116|0x000000008b800000, 0x000000008b800000, 0x000000008b900000|  0%| F|  |TAMS 0x000000008b800000| PB 0x000000008b800000| Untracked |  0
| 117|0x000000008b900000, 0x000000008b900000, 0x000000008ba00000|  0%| F|  |TAMS 0x000000008b900000| PB 0x000000008b900000| Untracked |  0
| 118|0x000000008ba00000, 0x000000008ba00000, 0x000000008bb00000|  0%| F|  |TAMS 0x000000008ba00000| PB 0x000000008ba00000| Untracked |  0
| 119|0x000000008bb00000, 0x000000008bb00000, 0x000000008bc00000|  0%| F|  |TAMS 0x000000008bb00000| PB 0x000000008bb00000| Untracked |  0
| 120|0x000000008bc00000, 0x000000008bc00000, 0x000000008bd00000|  0%| F|  |TAMS 0x000000008bc00000| PB 0x000000008bc00000| Untracked |  0
| 121|0x000000008bd00000, 0x000000008bd00000, 0x000000008be00000|  0%| F|  |TAMS 0x000000008bd00000| PB 0x000000008bd00000| Untracked |  0
| 122|0x000000008be00000, 0x000000008be00000, 0x000000008bf00000|  0%| F|  |TAMS 0x000000008be00000| PB 0x000000008be00000| Untracked |  0
| 123|0x000000008bf00000, 0x000000008bf00000, 0x000000008c000000|  0%| F|  |TAMS 0x000000008bf00000| PB 0x000000008bf00000| Untracked |  0
| 124|0x000000008c000000, 0x000000008c000000, 0x000000008c100000|  0%| F|  |TAMS 0x000000008c000000| PB 0x000000008c000000| Untracked |  0
| 125|0x000000008c100000, 0x000000008c100000, 0x000000008c200000|  0%| F|  |TAMS 0x000000008c100000| PB 0x000000008c100000| Untracked |  0
| 126|0x000000008c200000, 0x000000008c200000, 0x000000008c300000|  0%| F|  |TAMS 0x000000008c200000| PB 0x000000008c200000| Untracked |  0
| 127|0x000000008c300000, 0x000000008c300000, 0x000000008c400000|  0%| F|  |TAMS 0x000000008c300000| PB 0x000000008c300000| Untracked |  0
| 128|0x000000008c400000, 0x000000008c400000, 0x000000008c500000|  0%| F|  |TAMS 0x000000008c400000| PB 0x000000008c400000| Untracked |  0
| 129|0x000000008c500000, 0x000000008c500000, 0x000000008c600000|  0%| F|  |TAMS 0x000000008c500000| PB 0x000000008c500000| Untracked |  0
| 130|0x000000008c600000, 0x000000008c600000, 0x000000008c700000|  0%| F|  |TAMS 0x000000008c600000| PB 0x000000008c600000| Untracked |  0
| 131|0x000000008c700000, 0x000000008c700000, 0x000000008c800000|  0%| F|  |TAMS 0x000000008c700000| PB 0x000000008c700000| Untracked |  0
| 132|0x000000008c800000, 0x000000008c800000, 0x000000008c900000|  0%| F|  |TAMS 0x000000008c800000| PB 0x000000008c800000| Untracked |  0
| 133|0x000000008c900000, 0x000000008c900000, 0x000000008ca00000|  0%| F|  |TAMS 0x000000008c900000| PB 0x000000008c900000| Untracked |  0
| 134|0x000000008ca00000, 0x000000008ca00000, 0x000000008cb00000|  0%| F|  |TAMS 0x000000008ca00000| PB 0x000000008ca00000| Untracked |  0
| 135|0x000000008cb00000, 0x000000008cb00000, 0x000000008cc00000|  0%| F|  |TAMS 0x000000008cb00000| PB 0x000000008cb00000| Untracked |  0
| 136|0x000000008cc00000, 0x000000008cc00000, 0x000000008cd00000|  0%| F|  |TAMS 0x000000008cc00000| PB 0x000000008cc00000| Untracked |  0
| 137|0x000000008cd00000, 0x000000008cd00000, 0x000000008ce00000|  0%| F|  |TAMS 0x000000008cd00000| PB 0x000000008cd00000| Untracked |  0
| 138|0x000000008ce00000, 0x000000008ce00000, 0x000000008cf00000|  0%| F|  |TAMS 0x000000008ce00000| PB 0x000000008ce00000| Untracked |  0
| 139|0x000000008cf00000, 0x000000008cf00000, 0x000000008d000000|  0%| F|  |TAMS 0x000000008cf00000| PB 0x000000008cf00000| Untracked |  0
| 140|0x000000008d000000, 0x000000008d000000, 0x000000008d100000|  0%| F|  |TAMS 0x000000008d000000| PB 0x000000008d000000| Untracked |  0
| 141|0x000000008d100000, 0x000000008d100000, 0x000000008d200000|  0%| F|  |TAMS 0x000000008d100000| PB 0x000000008d100000| Untracked |  0
| 142|0x000000008d200000, 0x000000008d200000, 0x000000008d300000|  0%| F|  |TAMS 0x000000008d200000| PB 0x000000008d200000| Untracked |  0
| 143|0x000000008d300000, 0x000000008d300000, 0x000000008d400000|  0%| F|  |TAMS 0x000000008d300000| PB 0x000000008d300000| Untracked |  0
| 144|0x000000008d400000, 0x000000008d400000, 0x000000008d500000|  0%| F|  |TAMS 0x000000008d400000| PB 0x000000008d400000| Untracked |  0
| 145|0x000000008d500000, 0x000000008d500000, 0x000000008d600000|  0%| F|  |TAMS 0x000000008d500000| PB 0x000000008d500000| Untracked |  0
| 146|0x000000008d600000, 0x000000008d600000, 0x000000008d700000|  0%| F|  |TAMS 0x000000008d600000| PB 0x000000008d600000| Untracked |  0
| 147|0x000000008d700000, 0x000000008d700000, 0x000000008d800000|  0%| F|  |TAMS 0x000000008d700000| PB 0x000000008d700000| Untracked |  0
| 148|0x000000008d800000, 0x000000008d800000, 0x000000008d900000|  0%| F|  |TAMS 0x000000008d800000| PB 0x000000008d800000| Untracked |  0
| 149|0x000000008d900000, 0x000000008d900000, 0x000000008da00000|  0%| F|  |TAMS 0x000000008d900000| PB 0x000000008d900000| Untracked |  0
| 150|0x000000008da00000, 0x000000008da00000, 0x000000008db00000|  0%| F|  |TAMS 0x000000008da00000| PB 0x000000008da00000| Untracked |  0
| 151|0x000000008db00000, 0x000000008db00000, 0x000000008dc00000|  0%| F|  |TAMS 0x000000008db00000| PB 0x000000008db00000| Untracked |  0
| 152|0x000000008dc00000, 0x000000008dc00000, 0x000000008dd00000|  0%| F|  |TAMS 0x000000008dc00000| PB 0x000000008dc00000| Untracked |  0
| 153|0x000000008dd00000, 0x000000008dd00000, 0x000000008de00000|  0%| F|  |TAMS 0x000000008dd00000| PB 0x000000008dd00000| Untracked |  0
| 154|0x000000008de00000, 0x000000008de00000, 0x000000008df00000|  0%| F|  |TAMS 0x000000008de00000| PB 0x000000008de00000| Untracked |  0
| 155|0x000000008df00000, 0x000000008df00000, 0x000000008e000000|  0%| F|  |TAMS 0x000000008df00000| PB 0x000000008df00000| Untracked |  0
| 156|0x000000008e000000, 0x000000008e000000, 0x000000008e100000|  0%| F|  |TAMS 0x000000008e000000| PB 0x000000008e000000| Untracked |  0
| 157|0x000000008e100000, 0x000000008e100000, 0x000000008e200000|  0%| F|  |TAMS 0x000000008e100000| PB 0x000000008e100000| Untracked |  0
| 158|0x000000008e200000, 0x000000008e200000, 0x000000008e300000|  0%| F|  |TAMS 0x000000008e200000| PB 0x000000008e200000| Untracked |  0
| 159|0x000000008e300000, 0x000000008e300000, 0x000000008e400000|  0%| F|  |TAMS 0x000000008e300000| PB 0x000000008e300000| Untracked |  0
| 160|0x000000008e400000, 0x000000008e400000, 0x000000008e500000|  0%| F|  |TAMS 0x000000008e400000| PB 0x000000008e400000| Untracked |  0
| 161|0x000000008e500000, 0x000000008e500000, 0x000000008e600000|  0%| F|  |TAMS 0x000000008e500000| PB 0x000000008e500000| Untracked |  0
| 162|0x000000008e600000, 0x000000008e600000, 0x000000008e700000|  0%| F|  |TAMS 0x000000008e600000| PB 0x000000008e600000| Untracked |  0
| 163|0x000000008e700000, 0x000000008e700000, 0x000000008e800000|  0%| F|  |TAMS 0x000000008e700000| PB 0x000000008e700000| Untracked |  0
| 164|0x000000008e800000, 0x000000008e800000, 0x000000008e900000|  0%| F|  |TAMS 0x000000008e800000| PB 0x000000008e800000| Untracked |  0
| 165|0x000000008e900000, 0x000000008e900000, 0x000000008ea00000|  0%| F|  |TAMS 0x000000008e900000| PB 0x000000008e900000| Untracked |  0
| 166|0x000000008ea00000, 0x000000008ea00000, 0x000000008eb00000|  0%| F|  |TAMS 0x000000008ea00000| PB 0x000000008ea00000| Untracked |  0
| 167|0x000000008eb00000, 0x000000008eb00000, 0x000000008ec00000|  0%| F|  |TAMS 0x000000008eb00000| PB 0x000000008eb00000| Untracked |  0
| 168|0x000000008ec00000, 0x000000008ec00000, 0x000000008ed00000|  0%| F|  |TAMS 0x000000008ec00000| PB 0x000000008ec00000| Untracked |  0
| 169|0x000000008ed00000, 0x000000008ed00000, 0x000000008ee00000|  0%| F|  |TAMS 0x000000008ed00000| PB 0x000000008ed00000| Untracked |  0
| 170|0x000000008ee00000, 0x000000008ee00000, 0x000000008ef00000|  0%| F|  |TAMS 0x000000008ee00000| PB 0x000000008ee00000| Untracked |  0
| 171|0x000000008ef00000, 0x000000008ef00000, 0x000000008f000000|  0%| F|  |TAMS 0x000000008ef00000| PB 0x000000008ef00000| Untracked |  0
| 172|0x000000008f000000, 0x000000008f000000, 0x000000008f100000|  0%| F|  |TAMS 0x000000008f000000| PB 0x000000008f000000| Untracked |  0
| 173|0x000000008f100000, 0x000000008f100000, 0x000000008f200000|  0%| F|  |TAMS 0x000000008f100000| PB 0x000000008f100000| Untracked |  0
| 174|0x000000008f200000, 0x000000008f200000, 0x000000008f300000|  0%| F|  |TAMS 0x000000008f200000| PB 0x000000008f200000| Untracked |  0
| 175|0x000000008f300000, 0x000000008f300000, 0x000000008f400000|  0%| F|  |TAMS 0x000000008f300000| PB 0x000000008f300000| Untracked |  0
| 176|0x000000008f400000, 0x000000008f400000, 0x000000008f500000|  0%| F|  |TAMS 0x000000008f400000| PB 0x000000008f400000| Untracked |  0
| 177|0x000000008f500000, 0x000000008f500000, 0x000000008f600000|  0%| F|  |TAMS 0x000000008f500000| PB 0x000000008f500000| Untracked |  0
| 178|0x000000008f600000, 0x000000008f600000, 0x000000008f700000|  0%| F|  |TAMS 0x000000008f600000| PB 0x000000008f600000| Untracked |  0
| 179|0x000000008f700000, 0x000000008f700000, 0x000000008f800000|  0%| F|  |TAMS 0x000000008f700000| PB 0x000000008f700000| Untracked |  0
| 180|0x000000008f800000, 0x000000008f800000, 0x000000008f900000|  0%| F|  |TAMS 0x000000008f800000| PB 0x000000008f800000| Untracked |  0
| 181|0x000000008f900000, 0x000000008f900000, 0x000000008fa00000|  0%| F|  |TAMS 0x000000008f900000| PB 0x000000008f900000| Untracked |  0
| 182|0x000000008fa00000, 0x000000008fa00000, 0x000000008fb00000|  0%| F|  |TAMS 0x000000008fa00000| PB 0x000000008fa00000| Untracked |  0
| 183|0x000000008fb00000, 0x000000008fb00000, 0x000000008fc00000|  0%| F|  |TAMS 0x000000008fb00000| PB 0x000000008fb00000| Untracked |  0
| 184|0x000000008fc00000, 0x000000008fc00000, 0x000000008fd00000|  0%| F|  |TAMS 0x000000008fc00000| PB 0x000000008fc00000| Untracked |  0
| 185|0x000000008fd00000, 0x000000008fd00000, 0x000000008fe00000|  0%| F|  |TAMS 0x000000008fd00000| PB 0x000000008fd00000| Untracked |  0
| 186|0x000000008fe00000, 0x000000008fe00000, 0x000000008ff00000|  0%| F|  |TAMS 0x000000008fe00000| PB 0x000000008fe00000| Untracked |  0
| 187|0x000000008ff00000, 0x000000008ff00000, 0x0000000090000000|  0%| F|  |TAMS 0x000000008ff00000| PB 0x000000008ff00000| Untracked |  0
| 188|0x0000000090000000, 0x0000000090000000, 0x0000000090100000|  0%| F|  |TAMS 0x0000000090000000| PB 0x0000000090000000| Untracked |  0
| 189|0x0000000090100000, 0x0000000090100000, 0x0000000090200000|  0%| F|  |TAMS 0x0000000090100000| PB 0x0000000090100000| Untracked |  0
| 190|0x0000000090200000, 0x0000000090200000, 0x0000000090300000|  0%| F|  |TAMS 0x0000000090200000| PB 0x0000000090200000| Untracked |  0
| 191|0x0000000090300000, 0x0000000090300000, 0x0000000090400000|  0%| F|  |TAMS 0x0000000090300000| PB 0x0000000090300000| Untracked |  0
| 192|0x0000000090400000, 0x0000000090400000, 0x0000000090500000|  0%| F|  |TAMS 0x0000000090400000| PB 0x0000000090400000| Untracked |  0
| 193|0x0000000090500000, 0x0000000090500000, 0x0000000090600000|  0%| F|  |TAMS 0x0000000090500000| PB 0x0000000090500000| Untracked |  0
| 194|0x0000000090600000, 0x0000000090600000, 0x0000000090700000|  0%| F|  |TAMS 0x0000000090600000| PB 0x0000000090600000| Untracked |  0
| 195|0x0000000090700000, 0x0000000090700000, 0x0000000090800000|  0%| F|  |TAMS 0x0000000090700000| PB 0x0000000090700000| Untracked |  0
| 196|0x0000000090800000, 0x0000000090800000, 0x0000000090900000|  0%| F|  |TAMS 0x0000000090800000| PB 0x0000000090800000| Untracked |  0
| 197|0x0000000090900000, 0x0000000090900000, 0x0000000090a00000|  0%| F|  |TAMS 0x0000000090900000| PB 0x0000000090900000| Untracked |  0
| 198|0x0000000090a00000, 0x0000000090a00000, 0x0000000090b00000|  0%| F|  |TAMS 0x0000000090a00000| PB 0x0000000090a00000| Untracked |  0
| 199|0x0000000090b00000, 0x0000000090b00000, 0x0000000090c00000|  0%| F|  |TAMS 0x0000000090b00000| PB 0x0000000090b00000| Untracked |  0
| 200|0x0000000090c00000, 0x0000000090c00000, 0x0000000090d00000|  0%| F|  |TAMS 0x0000000090c00000| PB 0x0000000090c00000| Untracked |  0
| 201|0x0000000090d00000, 0x0000000090d00000, 0x0000000090e00000|  0%| F|  |TAMS 0x0000000090d00000| PB 0x0000000090d00000| Untracked |  0
| 202|0x0000000090e00000, 0x0000000090e00000, 0x0000000090f00000|  0%| F|  |TAMS 0x0000000090e00000| PB 0x0000000090e00000| Untracked |  0
| 203|0x0000000090f00000, 0x0000000090f00000, 0x0000000091000000|  0%| F|  |TAMS 0x0000000090f00000| PB 0x0000000090f00000| Untracked |  0
| 204|0x0000000091000000, 0x0000000091000000, 0x0000000091100000|  0%| F|  |TAMS 0x0000000091000000| PB 0x0000000091000000| Untracked |  0
| 205|0x0000000091100000, 0x0000000091100000, 0x0000000091200000|  0%| F|  |TAMS 0x0000000091100000| PB 0x0000000091100000| Untracked |  0
| 206|0x0000000091200000, 0x0000000091200000, 0x0000000091300000|  0%| F|  |TAMS 0x0000000091200000| PB 0x0000000091200000| Untracked |  0
| 207|0x0000000091300000, 0x0000000091300000, 0x0000000091400000|  0%| F|  |TAMS 0x0000000091300000| PB 0x0000000091300000| Untracked |  0
| 208|0x0000000091400000, 0x0000000091400000, 0x0000000091500000|  0%| F|  |TAMS 0x0000000091400000| PB 0x0000000091400000| Untracked |  0
| 209|0x0000000091500000, 0x0000000091500000, 0x0000000091600000|  0%| F|  |TAMS 0x0000000091500000| PB 0x0000000091500000| Untracked |  0
| 210|0x0000000091600000, 0x0000000091600000, 0x0000000091700000|  0%| F|  |TAMS 0x0000000091600000| PB 0x0000000091600000| Untracked |  0
| 211|0x0000000091700000, 0x0000000091700000, 0x0000000091800000|  0%| F|  |TAMS 0x0000000091700000| PB 0x0000000091700000| Untracked |  0
| 212|0x0000000091800000, 0x0000000091800000, 0x0000000091900000|  0%| F|  |TAMS 0x0000000091800000| PB 0x0000000091800000| Untracked |  0
| 213|0x0000000091900000, 0x0000000091900000, 0x0000000091a00000|  0%| F|  |TAMS 0x0000000091900000| PB 0x0000000091900000| Untracked |  0
| 214|0x0000000091a00000, 0x0000000091a00000, 0x0000000091b00000|  0%| F|  |TAMS 0x0000000091a00000| PB 0x0000000091a00000| Untracked |  0
| 215|0x0000000091b00000, 0x0000000091b00000, 0x0000000091c00000|  0%| F|  |TAMS 0x0000000091b00000| PB 0x0000000091b00000| Untracked |  0
| 216|0x0000000091c00000, 0x0000000091c00000, 0x0000000091d00000|  0%| F|  |TAMS 0x0000000091c00000| PB 0x0000000091c00000| Untracked |  0
| 217|0x0000000091d00000, 0x0000000091d00000, 0x0000000091e00000|  0%| F|  |TAMS 0x0000000091d00000| PB 0x0000000091d00000| Untracked |  0
| 218|0x0000000091e00000, 0x0000000091e00000, 0x0000000091f00000|  0%| F|  |TAMS 0x0000000091e00000| PB 0x0000000091e00000| Untracked |  0
| 219|0x0000000091f00000, 0x0000000091f00000, 0x0000000092000000|  0%| F|  |TAMS 0x0000000091f00000| PB 0x0000000091f00000| Untracked |  0
| 220|0x0000000092000000, 0x0000000092000000, 0x0000000092100000|  0%| F|  |TAMS 0x0000000092000000| PB 0x0000000092000000| Untracked |  0
| 221|0x0000000092100000, 0x0000000092100000, 0x0000000092200000|  0%| F|  |TAMS 0x0000000092100000| PB 0x0000000092100000| Untracked |  0
| 222|0x0000000092200000, 0x0000000092200000, 0x0000000092300000|  0%| F|  |TAMS 0x0000000092200000| PB 0x0000000092200000| Untracked |  0
| 223|0x0000000092300000, 0x0000000092300000, 0x0000000092400000|  0%| F|  |TAMS 0x0000000092300000| PB 0x0000000092300000| Untracked |  0
| 224|0x0000000092400000, 0x0000000092400000, 0x0000000092500000|  0%| F|  |TAMS 0x0000000092400000| PB 0x0000000092400000| Untracked |  0
| 225|0x0000000092500000, 0x0000000092500000, 0x0000000092600000|  0%| F|  |TAMS 0x0000000092500000| PB 0x0000000092500000| Untracked |  0
| 226|0x0000000092600000, 0x0000000092600000, 0x0000000092700000|  0%| F|  |TAMS 0x0000000092600000| PB 0x0000000092600000| Untracked |  0
| 227|0x0000000092700000, 0x0000000092700000, 0x0000000092800000|  0%| F|  |TAMS 0x0000000092700000| PB 0x0000000092700000| Untracked |  0
| 228|0x0000000092800000, 0x0000000092800000, 0x0000000092900000|  0%| F|  |TAMS 0x0000000092800000| PB 0x0000000092800000| Untracked |  0
| 229|0x0000000092900000, 0x0000000092900000, 0x0000000092a00000|  0%| F|  |TAMS 0x0000000092900000| PB 0x0000000092900000| Untracked |  0
| 230|0x0000000092a00000, 0x0000000092a00000, 0x0000000092b00000|  0%| F|  |TAMS 0x0000000092a00000| PB 0x0000000092a00000| Untracked |  0
| 231|0x0000000092b00000, 0x0000000092b00000, 0x0000000092c00000|  0%| F|  |TAMS 0x0000000092b00000| PB 0x0000000092b00000| Untracked |  0
| 232|0x0000000092c00000, 0x0000000092c00000, 0x0000000092d00000|  0%| F|  |TAMS 0x0000000092c00000| PB 0x0000000092c00000| Untracked |  0
| 233|0x0000000092d00000, 0x0000000092d00000, 0x0000000092e00000|  0%| F|  |TAMS 0x0000000092d00000| PB 0x0000000092d00000| Untracked |  0
| 234|0x0000000092e00000, 0x0000000092e00000, 0x0000000092f00000|  0%| F|  |TAMS 0x0000000092e00000| PB 0x0000000092e00000| Untracked |  0
| 235|0x0000000092f00000, 0x0000000092f00000, 0x0000000093000000|  0%| F|  |TAMS 0x0000000092f00000| PB 0x0000000092f00000| Untracked |  0
| 236|0x0000000093000000, 0x0000000093000000, 0x0000000093100000|  0%| F|  |TAMS 0x0000000093000000| PB 0x0000000093000000| Untracked |  0
| 237|0x0000000093100000, 0x0000000093100000, 0x0000000093200000|  0%| F|  |TAMS 0x0000000093100000| PB 0x0000000093100000| Untracked |  0
| 238|0x0000000093200000, 0x0000000093200000, 0x0000000093300000|  0%| F|  |TAMS 0x0000000093200000| PB 0x0000000093200000| Untracked |  0
| 239|0x0000000093300000, 0x0000000093300000, 0x0000000093400000|  0%| F|  |TAMS 0x0000000093300000| PB 0x0000000093300000| Untracked |  0
| 240|0x0000000093400000, 0x0000000093400000, 0x0000000093500000|  0%| F|  |TAMS 0x0000000093400000| PB 0x0000000093400000| Untracked |  0
| 241|0x0000000093500000, 0x0000000093500000, 0x0000000093600000|  0%| F|  |TAMS 0x0000000093500000| PB 0x0000000093500000| Untracked |  0
| 242|0x0000000093600000, 0x0000000093600000, 0x0000000093700000|  0%| F|  |TAMS 0x0000000093600000| PB 0x0000000093600000| Untracked |  0
| 243|0x0000000093700000, 0x0000000093700000, 0x0000000093800000|  0%| F|  |TAMS 0x0000000093700000| PB 0x0000000093700000| Untracked |  0
| 244|0x0000000093800000, 0x0000000093800000, 0x0000000093900000|  0%| F|  |TAMS 0x0000000093800000| PB 0x0000000093800000| Untracked |  0
| 245|0x0000000093900000, 0x0000000093900000, 0x0000000093a00000|  0%| F|  |TAMS 0x0000000093900000| PB 0x0000000093900000| Untracked |  0
| 246|0x0000000093a00000, 0x0000000093a00000, 0x0000000093b00000|  0%| F|  |TAMS 0x0000000093a00000| PB 0x0000000093a00000| Untracked |  0
| 247|0x0000000093b00000, 0x0000000093b00000, 0x0000000093c00000|  0%| F|  |TAMS 0x0000000093b00000| PB 0x0000000093b00000| Untracked |  0
| 248|0x0000000093c00000, 0x0000000093c00000, 0x0000000093d00000|  0%| F|  |TAMS 0x0000000093c00000| PB 0x0000000093c00000| Untracked |  0
| 249|0x0000000093d00000, 0x0000000093d00000, 0x0000000093e00000|  0%| F|  |TAMS 0x0000000093d00000| PB 0x0000000093d00000| Untracked |  0
| 250|0x0000000093e00000, 0x0000000093e00000, 0x0000000093f00000|  0%| F|  |TAMS 0x0000000093e00000| PB 0x0000000093e00000| Untracked |  0
| 251|0x0000000093f00000, 0x0000000093f00000, 0x0000000094000000|  0%| F|  |TAMS 0x0000000093f00000| PB 0x0000000093f00000| Untracked |  0
| 252|0x0000000094000000, 0x0000000094000000, 0x0000000094100000|  0%| F|  |TAMS 0x0000000094000000| PB 0x0000000094000000| Untracked |  0
| 253|0x0000000094100000, 0x0000000094100000, 0x0000000094200000|  0%| F|  |TAMS 0x0000000094100000| PB 0x0000000094100000| Untracked |  0
| 254|0x0000000094200000, 0x0000000094200000, 0x0000000094300000|  0%| F|  |TAMS 0x0000000094200000| PB 0x0000000094200000| Untracked |  0
| 255|0x0000000094300000, 0x0000000094300000, 0x0000000094400000|  0%| F|  |TAMS 0x0000000094300000| PB 0x0000000094300000| Untracked |  0
| 256|0x0000000094400000, 0x0000000094400000, 0x0000000094500000|  0%| F|  |TAMS 0x0000000094400000| PB 0x0000000094400000| Untracked |  0
| 257|0x0000000094500000, 0x0000000094500000, 0x0000000094600000|  0%| F|  |TAMS 0x0000000094500000| PB 0x0000000094500000| Untracked |  0
| 258|0x0000000094600000, 0x0000000094600000, 0x0000000094700000|  0%| F|  |TAMS 0x0000000094600000| PB 0x0000000094600000| Untracked |  0
| 259|0x0000000094700000, 0x0000000094700000, 0x0000000094800000|  0%| F|  |TAMS 0x0000000094700000| PB 0x0000000094700000| Untracked |  0
| 260|0x0000000094800000, 0x0000000094800000, 0x0000000094900000|  0%| F|  |TAMS 0x0000000094800000| PB 0x0000000094800000| Untracked |  0
| 261|0x0000000094900000, 0x0000000094900000, 0x0000000094a00000|  0%| F|  |TAMS 0x0000000094900000| PB 0x0000000094900000| Untracked |  0
| 262|0x0000000094a00000, 0x0000000094a00000, 0x0000000094b00000|  0%| F|  |TAMS 0x0000000094a00000| PB 0x0000000094a00000| Untracked |  0
| 263|0x0000000094b00000, 0x0000000094b00000, 0x0000000094c00000|  0%| F|  |TAMS 0x0000000094b00000| PB 0x0000000094b00000| Untracked |  0
| 264|0x0000000094c00000, 0x0000000094c00000, 0x0000000094d00000|  0%| F|  |TAMS 0x0000000094c00000| PB 0x0000000094c00000| Untracked |  0
| 265|0x0000000094d00000, 0x0000000094d00000, 0x0000000094e00000|  0%| F|  |TAMS 0x0000000094d00000| PB 0x0000000094d00000| Untracked |  0
| 266|0x0000000094e00000, 0x0000000094e00000, 0x0000000094f00000|  0%| F|  |TAMS 0x0000000094e00000| PB 0x0000000094e00000| Untracked |  0
| 267|0x0000000094f00000, 0x0000000094f00000, 0x0000000095000000|  0%| F|  |TAMS 0x0000000094f00000| PB 0x0000000094f00000| Untracked |  0
| 268|0x0000000095000000, 0x00000000950ecb68, 0x0000000095100000| 92%| E|  |TAMS 0x0000000095000000| PB 0x0000000095000000| Complete |  0
| 269|0x0000000095100000, 0x0000000095200000, 0x0000000095200000|100%| E|CS|TAMS 0x0000000095100000| PB 0x0000000095100000| Complete |  0
| 270|0x0000000095200000, 0x0000000095300000, 0x0000000095300000|100%| E|CS|TAMS 0x0000000095200000| PB 0x0000000095200000| Complete |  0
| 271|0x0000000095300000, 0x0000000095400000, 0x0000000095400000|100%| E|CS|TAMS 0x0000000095300000| PB 0x0000000095300000| Complete |  0
| 272|0x0000000095400000, 0x0000000095500000, 0x0000000095500000|100%| E|CS|TAMS 0x0000000095400000| PB 0x0000000095400000| Complete |  0
| 273|0x0000000095500000, 0x0000000095600000, 0x0000000095600000|100%| E|CS|TAMS 0x0000000095500000| PB 0x0000000095500000| Complete |  0
| 274|0x0000000095600000, 0x0000000095700000, 0x0000000095700000|100%| E|CS|TAMS 0x0000000095600000| PB 0x0000000095600000| Complete |  0
| 275|0x0000000095700000, 0x0000000095800000, 0x0000000095800000|100%| E|CS|TAMS 0x0000000095700000| PB 0x0000000095700000| Complete |  0
| 276|0x0000000095800000, 0x0000000095900000, 0x0000000095900000|100%| E|CS|TAMS 0x0000000095800000| PB 0x0000000095800000| Complete |  0
| 277|0x0000000095900000, 0x0000000095a00000, 0x0000000095a00000|100%| E|CS|TAMS 0x0000000095900000| PB 0x0000000095900000| Complete |  0
| 278|0x0000000095a00000, 0x0000000095b00000, 0x0000000095b00000|100%| E|CS|TAMS 0x0000000095a00000| PB 0x0000000095a00000| Complete |  0
| 279|0x0000000095b00000, 0x0000000095c00000, 0x0000000095c00000|100%| E|CS|TAMS 0x0000000095b00000| PB 0x0000000095b00000| Complete |  0
| 280|0x0000000095c00000, 0x0000000095d00000, 0x0000000095d00000|100%| E|CS|TAMS 0x0000000095c00000| PB 0x0000000095c00000| Complete |  0
| 281|0x0000000095d00000, 0x0000000095e00000, 0x0000000095e00000|100%| E|CS|TAMS 0x0000000095d00000| PB 0x0000000095d00000| Complete |  0
| 282|0x0000000095e00000, 0x0000000095f00000, 0x0000000095f00000|100%| E|CS|TAMS 0x0000000095e00000| PB 0x0000000095e00000| Complete |  0
| 283|0x0000000095f00000, 0x0000000096000000, 0x0000000096000000|100%| E|CS|TAMS 0x0000000095f00000| PB 0x0000000095f00000| Complete |  0
| 284|0x0000000096000000, 0x0000000096100000, 0x0000000096100000|100%| E|CS|TAMS 0x0000000096000000| PB 0x0000000096000000| Complete |  0
| 285|0x0000000096100000, 0x0000000096200000, 0x0000000096200000|100%| E|CS|TAMS 0x0000000096100000| PB 0x0000000096100000| Complete |  0
| 286|0x0000000096200000, 0x0000000096300000, 0x0000000096300000|100%| E|CS|TAMS 0x0000000096200000| PB 0x0000000096200000| Complete |  0
| 287|0x0000000096300000, 0x0000000096400000, 0x0000000096400000|100%| E|CS|TAMS 0x0000000096300000| PB 0x0000000096300000| Complete |  0
| 288|0x0000000096400000, 0x0000000096500000, 0x0000000096500000|100%| E|CS|TAMS 0x0000000096400000| PB 0x0000000096400000| Complete |  0
| 289|0x0000000096500000, 0x0000000096600000, 0x0000000096600000|100%| E|CS|TAMS 0x0000000096500000| PB 0x0000000096500000| Complete |  0
| 290|0x0000000096600000, 0x0000000096700000, 0x0000000096700000|100%| E|CS|TAMS 0x0000000096600000| PB 0x0000000096600000| Complete |  0
| 291|0x0000000096700000, 0x0000000096800000, 0x0000000096800000|100%| E|CS|TAMS 0x0000000096700000| PB 0x0000000096700000| Complete |  0
| 292|0x0000000096800000, 0x0000000096900000, 0x0000000096900000|100%| E|CS|TAMS 0x0000000096800000| PB 0x0000000096800000| Complete |  0
| 312|0x0000000097c00000, 0x0000000097d00000, 0x0000000097d00000|100%| E|CS|TAMS 0x0000000097c00000| PB 0x0000000097c00000| Complete |  0
| 313|0x0000000097d00000, 0x0000000097e00000, 0x0000000097e00000|100%| E|CS|TAMS 0x0000000097d00000| PB 0x0000000097d00000| Complete |  0
| 314|0x0000000097e00000, 0x0000000097f00000, 0x0000000097f00000|100%| E|CS|TAMS 0x0000000097e00000| PB 0x0000000097e00000| Complete |  0
| 315|0x0000000097f00000, 0x0000000098000000, 0x0000000098000000|100%| E|CS|TAMS 0x0000000097f00000| PB 0x0000000097f00000| Complete |  0
| 316|0x0000000098000000, 0x0000000098100000, 0x0000000098100000|100%| E|CS|TAMS 0x0000000098000000| PB 0x0000000098000000| Complete |  0
| 317|0x0000000098100000, 0x0000000098200000, 0x0000000098200000|100%| E|CS|TAMS 0x0000000098100000| PB 0x0000000098100000| Complete |  0
|1978|0x00000000ffe00000, 0x00000000fff00000, 0x00000000fff00000|100%| O|  |TAMS 0x00000000ffe00000| PB 0x00000000ffe00000| Untracked |  0

Card table byte_map: [0x0000027747020000,0x0000027747400000] _byte_map_base: 0x0000027746bfe000

Marking Bits: (CMBitMap*) 0x000002772f0e2f70
 Bits: [0x0000027747400000, 0x00000277492f0000)

Polling page: 0x000002772cf40000

Metaspace:

Usage:
  Non-class:    153.69 MB used.
      Class:     16.85 MB used.
       Both:    170.54 MB used.

Virtual space:
  Non-class space:      256.00 MB reserved,     154.44 MB ( 60%) committed,  4 nodes.
      Class space:        1.00 GB reserved,      17.56 MB (  2%) committed,  1 nodes.
             Both:        1.25 GB reserved,     172.00 MB ( 13%) committed. 

Chunk freelists:
   Non-Class:  69.20 MB
       Class:  14.26 MB
        Both:  83.46 MB

MaxMetaspaceSize: unlimited
CompressedClassSpaceSize: 1.00 GB
Initial GC threshold: 21.00 MB
Current GC threshold: 385.00 MB
CDS: on
 - commit_granule_bytes: 65536.
 - commit_granule_words: 8192.
 - virtual_space_node_default_size: 8388608.
 - enlarge_chunks_in_place: 1.
UseCompressedClassPointers 1, UseCompactObjectHeaders 0
Narrow klass pointer bits 32, Max shift 3
Narrow klass base: 0x000002774c000000, Narrow klass shift: 0
Encoding Range: [0x000002774c000000 - 0x000002784c000000), (4294967296 bytes)
Klass Range:    [0x000002774c000000 - 0x000002778d000000), (1090519040 bytes)
Klass ID Range:  [8 - 1090519033) (1090519025)


Internal statistics:

num_allocs_failed_limit: 9.
num_arena_births: 6686.
num_arena_deaths: 4870.
num_vsnodes_births: 5.
num_vsnodes_deaths: 0.
num_space_committed: 4805.
num_space_uncommitted: 996.
num_chunks_returned_to_freelist: 14575.
num_chunks_taken_from_freelist: 23748.
num_chunk_merges: 3709.
num_chunk_splits: 13778.
num_chunks_enlarged: 11076.
num_inconsistent_stats: 0.

CodeHeap 'non-profiled nmethods': size=120064Kb used=23726Kb max_used=23726Kb free=96337Kb
 bounds [0x000002773f3d0000, 0x0000027740b00000, 0x0000027746910000]
CodeHeap 'profiled nmethods': size=120000Kb used=27518Kb max_used=33781Kb free=92482Kb
 bounds [0x0000027737910000, 0x0000027739a30000, 0x000002773ee40000]
CodeHeap 'non-nmethods': size=5696Kb used=1892Kb max_used=2064Kb free=3804Kb
 bounds [0x000002773ee40000, 0x000002773f0b0000, 0x000002773f3d0000]
CodeCache: size=245760Kb, used=53136Kb, max_used=59571Kb, free=192623Kb
 total_blobs=18427, nmethods=17596, adapters=731, full_count=0
Compilation: enabled, stopped_count=0, restarted_count=0

Compilation events (20 events):
Event: 59051.145 Thread 0x000002774bd56430 nmethod 48507 0x0000027737a54188 code [0x0000027737a54300, 0x0000027737a54830]
Event: 59053.074 Thread 0x00000277910203c0 48508       4       org.springframework.core.type.classreading.SimpleAnnotationMetadataReadingVisitor::visitEnd (53 bytes)
Event: 59053.083 Thread 0x00000277910203c0 nmethod 48508 0x0000027740af8488 code [0x0000027740af8640, 0x0000027740af9320]
Event: 59054.043 Thread 0x00000277910203c0 48509       4       java.time.LocalDateTime::ofEpochSecond (77 bytes)
Event: 59054.060 Thread 0x00000277910203c0 nmethod 48509 0x0000027740af9488 code [0x0000027740af95e0, 0x0000027740af9dd8]
Event: 59054.369 Thread 0x000002774bd56430 48510       3       java.lang.Class::getEnumConstants (21 bytes)
Event: 59054.370 Thread 0x000002774bd56430 nmethod 48510 0x000002773799bb08 code [0x000002773799bc40, 0x000002773799c008]
Event: 59054.383 Thread 0x000002774bd56430 48511       3       sun.reflect.generics.scope.ConstructorScope::make (9 bytes)
Event: 59054.383 Thread 0x000002774bd56430 nmethod 48511 0x0000027737915388 code [0x00000277379154c0, 0x0000027737915780]
Event: 59054.383 Thread 0x000002774bd56430 48512       3       sun.reflect.generics.scope.ConstructorScope::<init> (6 bytes)
Event: 59054.383 Thread 0x000002774bd56430 nmethod 48512 0x0000027737a5cc88 code [0x0000027737a5cda0, 0x0000027737a5cfc0]
Event: 59054.404 Thread 0x000002774bd56430 48513       3       java.lang.invoke.LambdaForm$MH/0x000002774e2a9800::invoke (130 bytes)
Event: 59054.408 Thread 0x000002774bd56430 nmethod 48513 0x0000027738ccd188 code [0x0000027738ccd460, 0x0000027738cceea0]
Event: 59054.437 Thread 0x00000277910203c0 48514       4       org.hibernate.type.EntityType::<init> (38 bytes)
Event: 59054.438 Thread 0x00000277910203c0 nmethod 48514 0x0000027740af9f08 code [0x0000027740afa000, 0x0000027740afa428]
Event: 59054.449 Thread 0x000002774bd56430 48515       3       org.hibernate.metamodel.internal.PluralAttributeMetadataImpl$1::getHibernateValue (14 bytes)
Event: 59054.449 Thread 0x000002774bd56430 nmethod 48515 0x00000277381bae08 code [0x00000277381baf20, 0x00000277381bb240]
Event: 59055.436 Thread 0x00000277910203c0 48516       4       sun.nio.cs.StreamDecoder::<init> (23 bytes)
Event: 59055.441 Thread 0x00000277910203c0 nmethod 48516 0x0000027740afa488 code [0x0000027740afa600, 0x0000027740afb4b0]
Event: 59071.182 Thread 0x00000277910203c0 48517       4       java.util.concurrent.ScheduledThreadPoolExecutor$ScheduledFutureTask::cancel (38 bytes)

GC Heap History (20 events):
Event: 59000.352 GC heap before
{Heap before GC invocations=703 (full 174):
 garbage-first heap   total reserved 2027520K, committed 239616K, used 102365K [0x0000000084400000, 0x0000000100000000)
  region size 1024K, 32 young (32768K), 14 survivors (14336K)
 Metaspace       used 168065K, committed 169472K, reserved 1310720K
  class space    used 16661K, committed 17344K, reserved 1048576K
}
Event: 59000.456 GC heap after
{Heap after GC invocations=704 (full 175):
 garbage-first heap   total reserved 2027520K, committed 239616K, used 72083K [0x0000000084400000, 0x0000000100000000)
  region size 1024K, 0 young (0K), 0 survivors (0K)
 Metaspace       used 168063K, committed 169472K, reserved 1310720K
  class space    used 16660K, committed 17344K, reserved 1048576K
}
Event: 59003.847 GC heap before
{Heap before GC invocations=704 (full 175):
 garbage-first heap   total reserved 2027520K, committed 239616K, used 198035K [0x0000000084400000, 0x0000000100000000)
  region size 1024K, 124 young (126976K), 0 survivors (0K)
 Metaspace       used 169387K, committed 170816K, reserved 1310720K
  class space    used 16783K, committed 17472K, reserved 1048576K
}
Event: 59003.863 GC heap after
{Heap after GC invocations=705 (full 175):
 garbage-first heap   total reserved 2027520K, committed 239616K, used 86028K [0x0000000084400000, 0x0000000100000000)
  region size 1024K, 14 young (14336K), 14 survivors (14336K)
 Metaspace       used 169387K, committed 170816K, reserved 1310720K
  class space    used 16783K, committed 17472K, reserved 1048576K
}
Event: 59007.035 GC heap before
{Heap before GC invocations=706 (full 175):
 garbage-first heap   total reserved 2027520K, committed 239616K, used 105484K [0x0000000084400000, 0x0000000100000000)
  region size 1024K, 34 young (34816K), 14 survivors (14336K)
 Metaspace       used 169390K, committed 170816K, reserved 1310720K
  class space    used 16783K, committed 17472K, reserved 1048576K
}
Event: 59007.192 GC heap after
{Heap after GC invocations=707 (full 176):
 garbage-first heap   total reserved 2027520K, committed 239616K, used 72870K [0x0000000084400000, 0x0000000100000000)
  region size 1024K, 0 young (0K), 0 survivors (0K)
 Metaspace       used 169387K, committed 170816K, reserved 1310720K
  class space    used 16783K, committed 17472K, reserved 1048576K
}
Event: 59010.560 GC heap before
{Heap before GC invocations=707 (full 176):
 garbage-first heap   total reserved 2027520K, committed 239616K, used 198822K [0x0000000084400000, 0x0000000100000000)
  region size 1024K, 124 young (126976K), 0 survivors (0K)
 Metaspace       used 170694K, committed 172160K, reserved 1310720K
  class space    used 16900K, committed 17600K, reserved 1048576K
}
Event: 59010.572 GC heap after
{Heap after GC invocations=708 (full 176):
 garbage-first heap   total reserved 2027520K, committed 239616K, used 86496K [0x0000000084400000, 0x0000000100000000)
  region size 1024K, 14 young (14336K), 14 survivors (14336K)
 Metaspace       used 170694K, committed 172160K, reserved 1310720K
  class space    used 16900K, committed 17600K, reserved 1048576K
}
Event: 59042.480 GC heap before
{Heap before GC invocations=709 (full 176):
 garbage-first heap   total reserved 2027520K, committed 239616K, used 124384K [0x0000000084400000, 0x0000000100000000)
  region size 1024K, 52 young (53248K), 14 survivors (14336K)
 Metaspace       used 170697K, committed 172160K, reserved 1310720K
  class space    used 16901K, committed 17600K, reserved 1048576K
}
Event: 59042.599 GC heap after
{Heap after GC invocations=710 (full 177):
 garbage-first heap   total reserved 2027520K, committed 239616K, used 73734K [0x0000000084400000, 0x0000000100000000)
  region size 1024K, 0 young (0K), 0 survivors (0K)
 Metaspace       used 170694K, committed 172160K, reserved 1310720K
  class space    used 16900K, committed 17600K, reserved 1048576K
}
Event: 59044.999 GC heap before
{Heap before GC invocations=710 (full 177):
 garbage-first heap   total reserved 2027520K, committed 239616K, used 199686K [0x0000000084400000, 0x0000000100000000)
  region size 1024K, 124 young (126976K), 0 survivors (0K)
 Metaspace       used 172001K, committed 173504K, reserved 1310720K
  class space    used 17018K, committed 17728K, reserved 1048576K
}
Event: 59045.009 GC heap after
{Heap after GC invocations=711 (full 177):
 garbage-first heap   total reserved 2027520K, committed 239616K, used 87871K [0x0000000084400000, 0x0000000100000000)
  region size 1024K, 14 young (14336K), 14 survivors (14336K)
 Metaspace       used 172001K, committed 173504K, reserved 1310720K
  class space    used 17018K, committed 17728K, reserved 1048576K
}
Event: 59048.200 GC heap before
{Heap before GC invocations=712 (full 177):
 garbage-first heap   total reserved 2027520K, committed 239616K, used 107327K [0x0000000084400000, 0x0000000100000000)
  region size 1024K, 34 young (34816K), 14 survivors (14336K)
 Metaspace       used 172004K, committed 173504K, reserved 1310720K
  class space    used 17018K, committed 17728K, reserved 1048576K
}
Event: 59048.320 GC heap after
{Heap after GC invocations=713 (full 178):
 garbage-first heap   total reserved 2027520K, committed 239616K, used 74678K [0x0000000084400000, 0x0000000100000000)
  region size 1024K, 0 young (0K), 0 survivors (0K)
 Metaspace       used 172001K, committed 173504K, reserved 1310720K
  class space    used 17018K, committed 17728K, reserved 1048576K
}
Event: 59050.697 GC heap before
{Heap before GC invocations=713 (full 178):
 garbage-first heap   total reserved 2027520K, committed 239616K, used 200630K [0x0000000084400000, 0x0000000100000000)
  region size 1024K, 124 young (126976K), 0 survivors (0K)
 Metaspace       used 173323K, committed 174784K, reserved 1310720K
  class space    used 17137K, committed 17856K, reserved 1048576K
}
Event: 59050.707 GC heap after
{Heap after GC invocations=714 (full 178):
 garbage-first heap   total reserved 2027520K, committed 239616K, used 88304K [0x0000000084400000, 0x0000000100000000)
  region size 1024K, 14 young (14336K), 14 survivors (14336K)
 Metaspace       used 173323K, committed 174784K, reserved 1310720K
  class space    used 17137K, committed 17856K, reserved 1048576K
}
Event: 59052.771 GC heap before
{Heap before GC invocations=715 (full 178):
 garbage-first heap   total reserved 2027520K, committed 239616K, used 106736K [0x0000000084400000, 0x0000000100000000)
  region size 1024K, 33 young (33792K), 14 survivors (14336K)
 Metaspace       used 173326K, committed 174848K, reserved 1310720K
  class space    used 17138K, committed 17856K, reserved 1048576K
}
Event: 59052.892 GC heap after
{Heap after GC invocations=716 (full 179):
 garbage-first heap   total reserved 2027520K, committed 239616K, used 75621K [0x0000000084400000, 0x0000000100000000)
  region size 1024K, 0 young (0K), 0 survivors (0K)
 Metaspace       used 173323K, committed 174848K, reserved 1310720K
  class space    used 17137K, committed 17856K, reserved 1048576K
}
Event: 59055.391 GC heap before
{Heap before GC invocations=716 (full 179):
 garbage-first heap   total reserved 2027520K, committed 239616K, used 201573K [0x0000000084400000, 0x0000000100000000)
  region size 1024K, 124 young (126976K), 0 survivors (0K)
 Metaspace       used 174633K, committed 176128K, reserved 1310720K
  class space    used 17254K, committed 17984K, reserved 1048576K
}
Event: 59055.404 GC heap after
{Heap after GC invocations=717 (full 179):
 garbage-first heap   total reserved 2027520K, committed 326656K, used 89556K [0x0000000084400000, 0x0000000100000000)
  region size 1024K, 14 young (14336K), 14 survivors (14336K)
 Metaspace       used 174633K, committed 176128K, reserved 1310720K
  class space    used 17254K, committed 17984K, reserved 1048576K
}

Dll operation events (10 events):
Event: 0.010 Loaded shared library C:\Program Files\Java\jdk-24\bin\java.dll
Event: 0.047 Loaded shared library C:\Program Files\Java\jdk-24\bin\jsvml.dll
Event: 0.126 Loaded shared library C:\Program Files\Java\jdk-24\bin\net.dll
Event: 0.128 Loaded shared library C:\Program Files\Java\jdk-24\bin\nio.dll
Event: 0.130 Loaded shared library C:\Program Files\Java\jdk-24\bin\zip.dll
Event: 0.249 Loaded shared library C:\Program Files\Java\jdk-24\bin\jimage.dll
Event: 0.651 Loaded shared library C:\Program Files\Java\jdk-24\bin\management.dll
Event: 0.653 Loaded shared library C:\Program Files\Java\jdk-24\bin\management_ext.dll
Event: 1.659 Loaded shared library C:\Program Files\Java\jdk-24\bin\sunmscapi.dll
Event: 5.875 Loaded shared library C:\Program Files\Java\jdk-24\bin\extnet.dll

Deoptimization events (20 events):
Event: 58627.141 Thread 0x0000027795cdb050 DEOPT PACKING pc=0x00000277406b20fc sp=0x000000da0bafcd40
Event: 58627.141 Thread 0x0000027795cdb050 DEOPT UNPACKING pc=0x000002773ef66302 sp=0x000000da0bafccf0 mode 2
Event: 58914.189 Thread 0x0000027794fd6a90 Uncommon trap: trap_request=0xffffffdc fr.pc=0x0000027740713c94 relative=0x0000000000000654
Event: 58914.189 Thread 0x0000027794fd6a90 Uncommon trap: reason=class_check action=make_not_entrant pc=0x0000027740713c94 method=java.util.ArrayList$SubList.toArray([Ljava/lang/Object;)[Ljava/lang/Object; @ 37 c2
Event: 58914.190 Thread 0x0000027794fd6a90 DEOPT PACKING pc=0x0000027740713c94 sp=0x000000da0bafe340
Event: 58914.190 Thread 0x0000027794fd6a90 DEOPT UNPACKING pc=0x000002773ef66302 sp=0x000000da0bafe308 mode 2
Event: 58950.392 Thread 0x0000027795cd9a60 Uncommon trap: trap_request=0xfffffff4 fr.pc=0x0000027740859f60 relative=0x0000000000000940
Event: 58950.392 Thread 0x0000027795cd9a60 Uncommon trap: reason=null_check action=make_not_entrant pc=0x0000027740859f60 method=org.springframework.data.repository.query.ReturnedType.lambda$of$0(Ljava/lang/Class;Lorg/springframework/data/projection/ProjectionFactory;Ljava/lang/Class;Lorg/springfr
Event: 58950.392 Thread 0x0000027795cd9a60 DEOPT PACKING pc=0x0000027740859f60 sp=0x000000da0bcfd080
Event: 58950.396 Thread 0x0000027795cd9a60 DEOPT UNPACKING pc=0x000002773ef66302 sp=0x000000da0bcfcfb8 mode 2
Event: 58961.998 Thread 0x000002779cbb4ba0 Uncommon trap: trap_request=0xffffff4d fr.pc=0x0000027740a868d8 relative=0x0000000000002758
Event: 58961.998 Thread 0x000002779cbb4ba0 Uncommon trap: reason=unstable_if action=reinterpret pc=0x0000027740a868d8 method=org.springframework.asm.ClassReader.readStream(Ljava/io/InputStream;Z)[B @ 72 c2
Event: 58961.999 Thread 0x000002779cbb4ba0 DEOPT PACKING pc=0x0000027740a868d8 sp=0x000000da0bafe2e0
Event: 58961.999 Thread 0x000002779cbb4ba0 DEOPT UNPACKING pc=0x000002773ef66302 sp=0x000000da0bafe158 mode 2
Event: 58965.251 Thread 0x000002779cbb4ba0 DEOPT PACKING pc=0x0000027738b2c865 sp=0x000000da0baff020
Event: 58965.251 Thread 0x000002779cbb4ba0 DEOPT UNPACKING pc=0x000002773ee96642 sp=0x000000da0bafe560 mode 0
Event: 59000.637 Thread 0x00000277952a3b40 DEOPT PACKING pc=0x000002773992f816 sp=0x000000da0bafed10
Event: 59000.638 Thread 0x00000277952a3b40 DEOPT UNPACKING pc=0x000002773ee96642 sp=0x000000da0bafe2e8 mode 0
Event: 59003.530 Thread 0x00000277952a3b40 DEOPT PACKING pc=0x000002773925cb45 sp=0x000000da0bafdec0
Event: 59003.531 Thread 0x00000277952a3b40 DEOPT UNPACKING pc=0x000002773ee96642 sp=0x000000da0bafd400 mode 0

Classes loaded (20 events):
Event: 6083.480 Loading class java/util/HashMap$UnsafeHolder
Event: 6083.481 Loading class java/util/HashMap$UnsafeHolder done
Event: 18082.266 Loading class java/time/DurationEditor
Event: 18082.267 Loading class java/time/DurationEditor done
Event: 19714.772 Loading class java/util/DualPivotQuicksort$Sorter
Event: 19714.780 Loading class java/util/DualPivotQuicksort$Sorter done
Event: 45630.267 Loading class java/time/DurationEditor
Event: 45630.267 Loading class java/time/DurationEditor done
Event: 50178.485 Loading class sun/security/rsa/RSASignature$SHA384withRSA
Event: 50178.491 Loading class sun/security/rsa/RSASignature$SHA384withRSA done
Event: 50179.417 Loading class java/util/concurrent/CompletableFuture$AsyncSupply
Event: 50179.420 Loading class java/util/concurrent/CompletableFuture$AsyncSupply done
Event: 50179.482 Loading class java/util/concurrent/CompletableFuture$Signaller
Event: 50179.483 Loading class java/util/concurrent/CompletableFuture$Signaller done
Event: 50561.769 Loading class java/time/DurationEditor
Event: 50561.770 Loading class java/time/DurationEditor done
Event: 54005.445 Loading class java/time/DurationEditor
Event: 54005.446 Loading class java/time/DurationEditor done
Event: 56722.178 Loading class java/time/DurationEditor
Event: 56722.188 Loading class java/time/DurationEditor done

Classes unloaded (20 events):
Event: 58730.727 Thread 0x000002774bd29da0 Unloading class 0x000002774d49c000 'java/lang/invoke/LambdaForm$MH+0x000002774d49c000'
Event: 58730.727 Thread 0x000002774bd29da0 Unloading class 0x000002774e541000 'java/lang/invoke/LambdaForm$MH+0x000002774e541000'
Event: 58730.727 Thread 0x000002774bd29da0 Unloading class 0x000002774e290c00 'java/lang/invoke/LambdaForm$MH+0x000002774e290c00'
Event: 58732.990 Thread 0x000002774bd29da0 Unloading class 0x000002774d3e0800 'org/apache/catalina/loader/JdbcLeakPrevention'
Event: 58747.455 Thread 0x000002774bd29da0 Unloading class 0x000002774e238800 'org/apache/catalina/loader/JdbcLeakPrevention'
Event: 58773.941 Thread 0x000002774bd29da0 Unloading class 0x000002774d3e0000 'org/apache/catalina/loader/JdbcLeakPrevention'
Event: 58904.327 Thread 0x000002774bd29da0 Unloading class 0x000002774dd96800 'org/apache/catalina/loader/JdbcLeakPrevention'
Event: 58913.987 Thread 0x000002774bd29da0 Unloading class 0x000002774e549400 'org/apache/catalina/loader/JdbcLeakPrevention'
Event: 58918.953 Thread 0x000002774bd29da0 Unloading class 0x000002774df6d800 'org/apache/catalina/loader/JdbcLeakPrevention'
Event: 58925.567 Thread 0x000002774bd29da0 Unloading class 0x000002774e575800 'org/apache/catalina/loader/JdbcLeakPrevention'
Event: 58933.543 Thread 0x000002774bd29da0 Unloading class 0x000002774df4d800 'org/apache/catalina/loader/JdbcLeakPrevention'
Event: 58947.753 Thread 0x000002774bd29da0 Unloading class 0x000002774ddae800 'org/apache/catalina/loader/JdbcLeakPrevention'
Event: 58961.803 Thread 0x000002774bd29da0 Unloading class 0x000002774dfd4c00 'org/apache/catalina/loader/JdbcLeakPrevention'
Event: 58973.784 Thread 0x000002774bd29da0 Unloading class 0x000002774df2c000 'org/apache/catalina/loader/JdbcLeakPrevention'
Event: 58995.333 Thread 0x000002774bd29da0 Unloading class 0x000002774df75400 'org/apache/catalina/loader/JdbcLeakPrevention'
Event: 59000.386 Thread 0x000002774bd29da0 Unloading class 0x000002774e79c000 'org/apache/catalina/loader/JdbcLeakPrevention'
Event: 59007.066 Thread 0x000002774bd29da0 Unloading class 0x000002774e26c000 'org/apache/catalina/loader/JdbcLeakPrevention'
Event: 59042.511 Thread 0x000002774bd29da0 Unloading class 0x000002774deec800 'org/apache/catalina/loader/JdbcLeakPrevention'
Event: 59048.229 Thread 0x000002774bd29da0 Unloading class 0x000002774e24c000 'org/apache/catalina/loader/JdbcLeakPrevention'
Event: 59052.809 Thread 0x000002774bd29da0 Unloading class 0x000002774de55400 'org/apache/catalina/loader/JdbcLeakPrevention'

Classes redefined (0 events):
No events

Internal exceptions (20 events):
Event: 59048.531 Thread 0x0000027796d557d0 Exception <a 'java/io/IOException'{0x000000008fa63bc8}> (0x000000008fa63bc8) 
thrown [s\open\src\hotspot\share\prims\jni.cpp, line 518]
Event: 59048.537 Thread 0x0000027796d557d0 Exception <a 'java/io/FileNotFoundException'{0x000000008f9aeb98}> (0x000000008f9aeb98) 
thrown [s\open\src\hotspot\share\prims\jni.cpp, line 518]
Event: 59050.656 Thread 0x0000027796d557d0 Exception <a 'sun/nio/fs/WindowsException'{0x000000008c0e9b38}> (0x000000008c0e9b38) 
thrown [s\open\src\hotspot\share\prims\jni.cpp, line 518]
Event: 59050.657 Thread 0x0000027796d557d0 Exception <a 'sun/nio/fs/WindowsException'{0x000000008c0ea8d0}> (0x000000008c0ea8d0) 
thrown [s\open\src\hotspot\share\prims\jni.cpp, line 518]
Event: 59050.693 Thread 0x0000027796d557d0 Exception <a 'java/io/IOException'{0x000000008b3f32f8}> (0x000000008b3f32f8) 
thrown [s\open\src\hotspot\share\prims\jni.cpp, line 518]
Event: 59052.190 Thread 0x0000027796af5470 Exception <a 'java/lang/InterruptedException'{0x0000000091b00040}: sleep interrupted> (0x0000000091b00040) 
thrown [s\open\src\hotspot\share\prims\jvm.cpp, line 2955]
Event: 59052.770 Thread 0x0000027796af5bc0 Exception <a 'java/lang/InterruptedException'{0x0000000091a6f870}: sleep interrupted> (0x0000000091a6f870) 
thrown [s\open\src\hotspot\share\prims\jvm.cpp, line 2955]
Event: 59052.899 Thread 0x00000277952a3b40 Exception <a 'sun/nio/fs/WindowsException'{0x0000000092cec760}> (0x0000000092cec760) 
thrown [s\open\src\hotspot\share\prims\jni.cpp, line 518]
Event: 59053.132 Thread 0x00000277952a3b40 Exception <a 'java/io/FileNotFoundException'{0x000000008fcd3b98}> (0x000000008fcd3b98) 
thrown [s\open\src\hotspot\share\prims\jni.cpp, line 518]
Event: 59053.144 Thread 0x00000277952a3b40 Exception <a 'java/io/IOException'{0x000000008fa916f8}> (0x000000008fa916f8) 
thrown [s\open\src\hotspot\share\prims\jni.cpp, line 518]
Event: 59053.144 Thread 0x00000277952a3b40 Exception <a 'java/io/IOException'{0x000000008fa91e28}> (0x000000008fa91e28) 
thrown [s\open\src\hotspot\share\prims\jni.cpp, line 518]
Event: 59053.144 Thread 0x00000277952a3b40 Exception <a 'java/io/IOException'{0x000000008fa92538}> (0x000000008fa92538) 
thrown [s\open\src\hotspot\share\prims\jni.cpp, line 518]
Event: 59053.146 Thread 0x00000277952a3b40 Exception <a 'java/io/IOException'{0x000000008fa953e0}> (0x000000008fa953e0) 
thrown [s\open\src\hotspot\share\prims\jni.cpp, line 518]
Event: 59053.147 Thread 0x00000277952a3b40 Exception <a 'java/io/IOException'{0x000000008fa95e58}> (0x000000008fa95e58) 
thrown [s\open\src\hotspot\share\prims\jni.cpp, line 518]
Event: 59053.147 Thread 0x00000277952a3b40 Exception <a 'java/io/IOException'{0x000000008fa96930}> (0x000000008fa96930) 
thrown [s\open\src\hotspot\share\prims\jni.cpp, line 518]
Event: 59053.154 Thread 0x00000277952a3b40 Exception <a 'java/io/FileNotFoundException'{0x000000008f9ce898}> (0x000000008f9ce898) 
thrown [s\open\src\hotspot\share\prims\jni.cpp, line 518]
Event: 59055.332 Thread 0x00000277952a3b40 Exception <a 'sun/nio/fs/WindowsException'{0x000000008c090de0}> (0x000000008c090de0) 
thrown [s\open\src\hotspot\share\prims\jni.cpp, line 518]
Event: 59055.332 Thread 0x00000277952a3b40 Exception <a 'sun/nio/fs/WindowsException'{0x000000008c091b78}> (0x000000008c091b78) 
thrown [s\open\src\hotspot\share\prims\jni.cpp, line 518]
Event: 59055.382 Thread 0x00000277952a3b40 Exception <a 'java/io/IOException'{0x000000008b39a6c0}> (0x000000008b39a6c0) 
thrown [s\open\src\hotspot\share\prims\jni.cpp, line 518]
Event: 59071.180 Thread 0x0000027796c37ef0 Exception <a 'java/lang/InterruptedException'{0x00000000951187c8}: sleep interrupted> (0x00000000951187c8) 
thrown [s\open\src\hotspot\share\prims\jvm.cpp, line 2955]

VM Operations (20 events):
Event: 59045.065 Executing VM operation: G1PauseRemark
Event: 59045.073 Executing VM operation: G1PauseRemark done
Event: 59045.090 Executing VM operation: G1PauseCleanup
Event: 59045.090 Executing VM operation: G1PauseCleanup done
Event: 59048.200 Executing VM operation: G1CollectFull (System.gc())
Event: 59048.320 Executing VM operation: G1CollectFull (System.gc()) done
Event: 59050.697 Executing VM operation: G1CollectForAllocation (G1 Evacuation Pause)
Event: 59050.707 Executing VM operation: G1CollectForAllocation (G1 Evacuation Pause) done
Event: 59050.758 Executing VM operation: G1PauseRemark
Event: 59050.766 Executing VM operation: G1PauseRemark done
Event: 59050.783 Executing VM operation: G1PauseCleanup
Event: 59050.783 Executing VM operation: G1PauseCleanup done
Event: 59052.771 Executing VM operation: G1CollectFull (System.gc())
Event: 59052.892 Executing VM operation: G1CollectFull (System.gc()) done
Event: 59055.391 Executing VM operation: G1CollectForAllocation (G1 Evacuation Pause)
Event: 59055.404 Executing VM operation: G1CollectForAllocation (G1 Evacuation Pause) done
Event: 59055.485 Executing VM operation: G1PauseRemark
Event: 59055.504 Executing VM operation: G1PauseRemark done
Event: 59055.550 Executing VM operation: G1PauseCleanup
Event: 59055.550 Executing VM operation: G1PauseCleanup done

Memory protections (0 events):
No events

Nmethod flushes (20 events):
Event: 59048.256 Thread 0x000002774bd29da0 flushing  nmethod 0x0000027737d05088
Event: 59048.257 Thread 0x000002774bd29da0 flushing  nmethod 0x000002773799bb08
Event: 59048.257 Thread 0x000002774bd29da0 flushing  nmethod 0x0000027737a28b88
Event: 59048.257 Thread 0x000002774bd29da0 flushing  nmethod 0x0000027737c6d608
Event: 59048.257 Thread 0x000002774bd29da0 flushing  nmethod 0x000002773847d088
Event: 59048.257 Thread 0x000002774bd29da0 flushing  nmethod 0x0000027738512f88
Event: 59048.257 Thread 0x000002774bd29da0 flushing  nmethod 0x00000277389b7188
Event: 59048.257 Thread 0x000002774bd29da0 flushing  nmethod 0x0000027738a7f808
Event: 59048.257 Thread 0x000002774bd29da0 flushing  nmethod 0x0000027737bc1288
Event: 59048.257 Thread 0x000002774bd29da0 flushing  nmethod 0x0000027737da6508
Event: 59048.257 Thread 0x000002774bd29da0 flushing  nmethod 0x00000277384be608
Event: 59048.257 Thread 0x000002774bd29da0 flushing  nmethod 0x0000027738369d88
Event: 59050.764 Thread 0x000002774bd29da0 flushing  nmethod 0x00000277388f9008
Event: 59050.764 Thread 0x000002774bd29da0 flushing  nmethod 0x0000027737f14288
Event: 59050.765 Thread 0x000002774bd29da0 flushing  nmethod 0x000002773834b188
Event: 59052.833 Thread 0x000002774bd29da0 flushing  nmethod 0x0000027738684608
Event: 59052.833 Thread 0x000002774bd29da0 flushing  nmethod 0x00000277388bc208
Event: 59052.833 Thread 0x000002774bd29da0 flushing  nmethod 0x0000027738e57788
Event: 59052.833 Thread 0x000002774bd29da0 flushing  nmethod 0x0000027737ece988
Event: 59052.833 Thread 0x000002774bd29da0 flushing  nmethod 0x000002773884a408

Events (20 events):
Event: 59071.164 Thread 0x0000027795cda900 Thread added: 0x0000027795cd9a60
Event: 59071.178 Thread 0x0000027793a090e0 Thread exited: 0x0000027793a090e0
Event: 59071.179 Thread 0x0000027795cd9a60 Thread exited: 0x0000027795cd9a60
Event: 59071.179 Thread 0x000002779b4ca7c0 Thread exited: 0x000002779b4ca7c0
Event: 59071.179 Thread 0x0000027796ca9f20 Thread exited: 0x0000027796ca9f20
Event: 59071.179 Thread 0x0000027796c37050 Thread exited: 0x0000027796c37050
Event: 59071.179 Thread 0x000002779b4cb660 Thread exited: 0x000002779b4cb660
Event: 59071.179 Thread 0x000002779beebb40 Thread exited: 0x000002779beebb40
Event: 59071.179 Thread 0x0000027796c35310 Thread exited: 0x0000027796c35310
Event: 59071.179 Thread 0x0000027796c35a60 Thread exited: 0x0000027796c35a60
Event: 59071.179 Thread 0x000002779b4caf10 Thread exited: 0x000002779b4caf10
Event: 59071.179 Thread 0x0000027796c34bc0 Thread exited: 0x0000027796c34bc0
Event: 59071.179 Thread 0x000002779b4ca070 Thread exited: 0x000002779b4ca070
Event: 59071.179 Thread 0x0000027796ca97d0 Thread exited: 0x0000027796ca97d0
Event: 59071.180 Thread 0x0000027796caa670 Thread exited: 0x0000027796caa670
Event: 59071.180 Thread 0x0000027791cb1ce0 Thread exited: 0x0000027791cb1ce0
Event: 59071.180 Thread 0x0000027796c37ef0 Thread exited: 0x0000027796c37ef0
Event: 59071.182 Thread 0x0000027795cda900 Thread added: 0x0000027796c37050
Event: 59071.182 Thread 0x0000027796af45d0 Thread exited: 0x0000027796af45d0
Event: 59071.955 Thread 0x0000027796c37050 Thread exited: 0x0000027796c37050


Dynamic libraries:
0x00007ff6b19d0000 - 0x00007ff6b19e0000 	C:\Program Files\Java\jdk-24\bin\java.exe
0x00007ff925ec0000 - 0x00007ff926127000 	C:\WINDOWS\SYSTEM32\ntdll.dll
0x00007ff925690000 - 0x00007ff925759000 	C:\WINDOWS\System32\KERNEL32.DLL
0x00007ff923660000 - 0x00007ff923a54000 	C:\WINDOWS\System32\KERNELBASE.dll
0x00007ff923140000 - 0x00007ff92328b000 	C:\WINDOWS\System32\ucrtbase.dll
0x00007ff910e70000 - 0x00007ff910e8b000 	C:\Program Files\Java\jdk-24\bin\VCRUNTIME140.dll
0x00007ff90b370000 - 0x00007ff90b386000 	C:\Program Files\Java\jdk-24\bin\jli.dll
0x00007ff925390000 - 0x00007ff925555000 	C:\WINDOWS\System32\USER32.dll
0x00007ff90ada0000 - 0x00007ff90b033000 	C:\WINDOWS\WinSxS\amd64_microsoft.windows.common-controls_6595b64144ccf1df_6.0.26100.8115_none_3e075c82e3354f9c\COMCTL32.dll
0x00007ff923400000 - 0x00007ff923427000 	C:\WINDOWS\System32\win32u.dll
0x00007ff925100000 - 0x00007ff9251a9000 	C:\WINDOWS\System32\msvcrt.dll
0x00007ff9251b0000 - 0x00007ff9251db000 	C:\WINDOWS\System32\GDI32.dll
0x00007ff923b20000 - 0x00007ff923c4a000 	C:\WINDOWS\System32\gdi32full.dll
0x00007ff922790000 - 0x00007ff922833000 	C:\WINDOWS\System32\msvcp_win.dll
0x00007ff925250000 - 0x00007ff925282000 	C:\WINDOWS\System32\IMM32.DLL
0x00007ff914e90000 - 0x00007ff914e9c000 	C:\Program Files\Java\jdk-24\bin\vcruntime140_1.dll
0x00007ff905ec0000 - 0x00007ff905f4e000 	C:\Program Files\Java\jdk-24\bin\msvcp140.dll
0x00007ff8cdf00000 - 0x00007ff8ceca1000 	C:\Program Files\Java\jdk-24\bin\server\jvm.dll
0x00007ff924580000 - 0x00007ff924636000 	C:\WINDOWS\System32\ADVAPI32.dll
0x00007ff925dd0000 - 0x00007ff925e77000 	C:\WINDOWS\System32\sechost.dll
0x00007ff925560000 - 0x00007ff925678000 	C:\WINDOWS\System32\RPCRT4.dll
0x00007ff925af0000 - 0x00007ff925b70000 	C:\WINDOWS\System32\WS2_32.dll
0x00007ff922610000 - 0x00007ff92266e000 	C:\WINDOWS\SYSTEM32\POWRPROF.dll
0x00007ff91afd0000 - 0x00007ff91b006000 	C:\WINDOWS\SYSTEM32\WINMM.dll
0x00007ff914e00000 - 0x00007ff914e0b000 	C:\WINDOWS\SYSTEM32\VERSION.dll
0x00007ff9225f0000 - 0x00007ff922604000 	C:\WINDOWS\SYSTEM32\UMPDC.dll
0x00007ff921520000 - 0x00007ff92153b000 	C:\WINDOWS\SYSTEM32\kernel.appcore.dll
0x00007ff910fd0000 - 0x00007ff910fda000 	C:\Program Files\Java\jdk-24\bin\jimage.dll
0x00007ff90b050000 - 0x00007ff90b292000 	C:\WINDOWS\SYSTEM32\DBGHELP.DLL
0x00007ff925760000 - 0x00007ff925ae2000 	C:\WINDOWS\System32\combase.dll
0x00007ff924db0000 - 0x00007ff924e87000 	C:\WINDOWS\System32\OLEAUT32.dll
0x00007ff8e0740000 - 0x00007ff8e077b000 	C:\WINDOWS\SYSTEM32\dbgcore.DLL
0x00007ff9235b0000 - 0x00007ff923655000 	C:\WINDOWS\System32\bcryptPrimitives.dll
0x00007ff90b2a0000 - 0x00007ff90b2be000 	C:\Program Files\Java\jdk-24\bin\java.dll
0x00007ff923c60000 - 0x00007ff923df7000 	C:\WINDOWS\System32\ole32.dll
0x00007ff923e00000 - 0x00007ff924566000 	C:\WINDOWS\System32\SHELL32.dll
0x00007ff923290000 - 0x00007ff9233fa000 	C:\WINDOWS\System32\wintypes.dll
0x00007ff922840000 - 0x00007ff9230a5000 	C:\WINDOWS\System32\windows.storage.dll
0x00007ff924cb0000 - 0x00007ff924da7000 	C:\WINDOWS\System32\SHCORE.dll
0x00007ff9251e0000 - 0x00007ff925246000 	C:\WINDOWS\System32\shlwapi.dll
0x00007ff9226b0000 - 0x00007ff9226d9000 	C:\WINDOWS\SYSTEM32\profapi.dll
0x00007ff8e0780000 - 0x00007ff8e0857000 	C:\Program Files\Java\jdk-24\bin\jsvml.dll
0x00007ff910cb0000 - 0x00007ff910cc0000 	C:\Program Files\Java\jdk-24\bin\net.dll
0x00007ff921a90000 - 0x00007ff921afc000 	C:\WINDOWS\system32\mswsock.dll
0x00007ff907200000 - 0x00007ff907216000 	C:\Program Files\Java\jdk-24\bin\nio.dll
0x00007ff9071c0000 - 0x00007ff9071d7000 	C:\Program Files\Java\jdk-24\bin\zip.dll
0x00007ff90b360000 - 0x00007ff90b36a000 	C:\Program Files\Java\jdk-24\bin\management.dll
0x00007ff90b2f0000 - 0x00007ff90b2fb000 	C:\Program Files\Java\jdk-24\bin\management_ext.dll
0x00007ff924b40000 - 0x00007ff924b48000 	C:\WINDOWS\System32\PSAPI.DLL
0x00007ff9071b0000 - 0x00007ff9071be000 	C:\Program Files\Java\jdk-24\bin\sunmscapi.dll
0x00007ff923430000 - 0x00007ff9235a7000 	C:\WINDOWS\System32\CRYPT32.dll
0x00007ff921f10000 - 0x00007ff921f40000 	C:\WINDOWS\SYSTEM32\ncrypt.dll
0x00007ff921ec0000 - 0x00007ff921eff000 	C:\WINDOWS\SYSTEM32\NTASN1.dll
0x00007ff921d80000 - 0x00007ff921d9b000 	C:\WINDOWS\SYSTEM32\CRYPTSP.dll
0x00007ff921480000 - 0x00007ff9214b9000 	C:\WINDOWS\system32\rsaenh.dll
0x00007ff921b40000 - 0x00007ff921b73000 	C:\WINDOWS\SYSTEM32\USERENV.dll
0x00007ff922680000 - 0x00007ff9226aa000 	C:\WINDOWS\SYSTEM32\bcrypt.dll
0x00007ff921d70000 - 0x00007ff921d7c000 	C:\WINDOWS\SYSTEM32\CRYPTBASE.dll
0x00007ff920e40000 - 0x00007ff920e72000 	C:\WINDOWS\SYSTEM32\IPHLPAPI.DLL
0x00007ff924570000 - 0x00007ff92457a000 	C:\WINDOWS\System32\NSI.dll
0x00007ff920f60000 - 0x00007ff921092000 	C:\WINDOWS\SYSTEM32\DNSAPI.dll
0x00007ff914dd0000 - 0x00007ff914ddb000 	C:\Windows\System32\rasadhlp.dll
0x00007ff91d3a0000 - 0x00007ff91d426000 	C:\WINDOWS\System32\fwpuclnt.dll
0x00007ff906da0000 - 0x00007ff906da9000 	C:\Program Files\Java\jdk-24\bin\extnet.dll
0x00007ff8f2d20000 - 0x00007ff8f2d28000 	C:\WINDOWS\system32\wshunix.dll

JVMTI agents: none

dbghelp: loaded successfully - version: 4.0.5 - missing functions: none
symbol engine: initialized successfully - sym options: 0x614 - pdb path: .;C:\Program Files\Java\jdk-24\bin;C:\WINDOWS\SYSTEM32;C:\WINDOWS\WinSxS\amd64_microsoft.windows.common-controls_6595b64144ccf1df_6.0.26100.8115_none_3e075c82e3354f9c;C:\Program Files\Java\jdk-24\bin\server

VM Arguments:
jvm_args: -XX:+ShowCodeDetailsInExceptionMessages 
java_command: com.mo.mediaodyssey.MediaodysseyApplication
java_class_path (initial): D:\SFU\2Y_2nd Semester\CMPT276\Media Odyssey\Media-Odyssey\target\classes;C:\Users\Dell\.m2\repository\org\springframework\boot\spring-boot-starter-data-jpa\4.0.3\spring-boot-starter-data-jpa-4.0.3.jar;C:\Users\Dell\.m2\repository\org\springframework\boot\spring-boot-starter\4.0.3\spring-boot-starter-4.0.3.jar;C:\Users\Dell\.m2\repository\org\springframework\boot\spring-boot-starter-logging\4.0.3\spring-boot-starter-logging-4.0.3.jar;C:\Users\Dell\.m2\repository\ch\qos\logback\logback-classic\1.5.32\logback-classic-1.5.32.jar;C:\Users\Dell\.m2\repository\ch\qos\logback\logback-core\1.5.32\logback-core-1.5.32.jar;C:\Users\Dell\.m2\repository\org\apache\logging\log4j\log4j-to-slf4j\2.25.3\log4j-to-slf4j-2.25.3.jar;C:\Users\Dell\.m2\repository\org\apache\logging\log4j\log4j-api\2.25.3\log4j-api-2.25.3.jar;C:\Users\Dell\.m2\repository\org\slf4j\jul-to-slf4j\2.0.17\jul-to-slf4j-2.0.17.jar;C:\Users\Dell\.m2\repository\jakarta\annotation\jakarta.annotation-api\3.0.0\jakarta.annotation-api-3.0.0.jar;C:\Users\Dell\.m2\repository\org\yaml\snakeyaml\2.5\snakeyaml-2.5.jar;C:\Users\Dell\.m2\repository\org\springframework\boot\spring-boot-starter-jdbc\4.0.3\spring-boot-starter-jdbc-4.0.3.jar;C:\Users\Dell\.m2\repository\com\zaxxer\HikariCP\7.0.2\HikariCP-7.0.2.jar;C:\Users\Dell\.m2\repository\org\springframework\boot\spring-boot-data-jpa\4.0.3\spring-boot-data-jpa-4.0.3.jar;C:\Users\Dell\.m2\repository\org\springframework\boot\spring-boot-data-commons\4.0.3\spring-boot-data-commons-4.0.3.jar;C:\Users\Dell\.m2\repository\org\springframework\boot\spring-boot-persistence\4.0.3\spring-boot-persistence-4.0.3.jar;C:\Users\Dell\.m2\repository\org\springframework\data\spring-data-commons\4.0.3\spring-data-commons-4.0.3.jar;C:\Users\Dell\.m2\repository\org\springframework\boot\spring-boot-hibernate\4.0.3\spring-boot-hibernate-4.0.3.jar;C:\Users\Dell\.m2\repository\org\springframework\boot\spring-boot-jpa\4.0.3\spring-boot-jpa-4.0.3.jar;C:\Users\Dell\.m2\repository\jakarta\persistence\jakarta.persistence-api\3.2.0\jakarta.persistence-api-3.2.0.jar;C:\Users\Dell\.m2\repository\org\hibernate\orm\hibernate-core\7.2.4.Final\hibernate-core-7.2.4.Final.jar;C:\Users\Dell\.m2\repository\jakarta\transaction\jakarta.transaction-api\2.0.1\jakarta.transaction-api-2.0.1.jar;C:\Users\Dell\.m2\repository\org\hibernate\models\hibernate-models\1.0.1\hibernate-models-1.0.1.jar;C:\Users\Dell\.m2\repository\org\glassfish\jaxb\jaxb-runtime\4.0.6\jaxb-runtime-4.0.6.jar;C:\Users\Dell\.m2\repository\org\glassfish\jaxb\jaxb-core\4.0.6\jaxb-core-4.0.6.jar;C:\Users\Dell\.m2\repository\org\eclipse\angus\angus-activation\2.0.3\angus-activation-2.0.3.jar;C:\Users\Dell\.m2\repository\org\glassfish\jaxb\txw2\4.0.6\txw2-4.0.6.jar;C:\Users\Dell\.m2\repository\com\sun\istack\istack-commons-runtime\4.1.2\istack-commons-runtime-4.1.2.jar;C:\Users\Dell\.m2\repository\jakarta\inject\jakarta.inject-api\2.0.1\jakarta.inject-api-2.0.1.jar;C:\Users\Dell\.m2\repository\org\springframework\spring-orm\7.0.5\spring-orm-7.0.5.jar;C:\Users\Dell\.m2\repository\org\springframework\data\spring-data-jpa\4.0.3\spring-data-jpa-4.0.3.jar;C:\Users\Dell\.m2\repository\org\springframework\spring-tx\7.0.5\spring-tx-7.0.5.jar;C:\Users\Dell\.m2\repository\org\antlr\antlr4-runtime\4.13.2\antlr4-runtime-4.13.2.jar;C:\Users\Dell\.m2\repository\org\springframework\spring-aspects\7.0.5\spring-aspects-7.0.5.jar;C:\Users\Dell\.m2\repository\org\aspectj\aspectjweaver\1.9.25.1\aspectjweaver-1.9.25.1.jar;C:\Users\Dell\.m2\repository\org\springframework\boot\spring-boot-jdbc\4.0.3\spring-boot-jdbc-4.0.3.jar;C:\Users\Dell\.m2\repository\org\springframework\boot\spring-boot-sql\4.0.3\spring-boot-sql-4.0.3.jar;C:\Users\Dell\.m2\repository\org\springframework\boot\spring-boot-transaction\4.0.3\spring-boot-transaction-4.0.3.jar;C:\Users\Dell\.m2\repository\org\springframework\spring-jdbc\7.0.5\spring-jdbc-7.0.5.jar;C:\Users\Dell\.m2\repository\org\springframework\boot\spring-boot-starter-security\4.0.3\spring-boot-starter-security-4.0.3.jar;C:\Users\Dell\.m2\repository\org\springframework\boot\spring-boot-security\4.0.3\spring-boot-security-4.0.3.jar;C:\Users\Dell\.m2\repository\org\springframework\security\spring-security-config\7.0.3\spring-security-config-7.0.3.jar;C:\Users\Dell\.m2\repository\org\springframework\security\spring-security-core\7.0.3\spring-security-core-7.0.3.jar;C:\Users\Dell\.m2\repository\org\springframework\security\spring-security-crypto\7.0.3\spring-security-crypto-7.0.3.jar;C:\Users\Dell\.m2\repository\org\springframework\security\spring-security-web\7.0.3\spring-security-web-7.0.3.jar;C:\Users\Dell\.m2\repository\org\springframework\spring-expression\7.0.5\spring-expression-7.0.5.jar;C:\Users\Dell\.m2\repository\org\springframework\spring-aop\7.0.5\spring-aop-7.0.5.jar;C:\Users\Dell\.m2\repository\org\springframework\spring-beans\7.0.5\spring-beans-7.0.5.jar;C:\Users\Dell\.m2\repository\org\springframework\boot\spring-boot-starter-thymeleaf\4.0.3\spring-boot-starter-thymeleaf-4.0.3.jar;C:\Users\Dell\.m2\repository\org\springframework\boot\spring-boot-thymeleaf\4.0.3\spring-boot-thymeleaf-4.0.3.jar;C:\Users\Dell\.m2\repository\org\springframework\spring-web\7.0.5\spring-web-7.0.5.jar;C:\Users\Dell\.m2\repository\io\micrometer\micrometer-observation\1.16.3\micrometer-observation-1.16.3.jar;C:\Users\Dell\.m2\repository\io\micrometer\micrometer-commons\1.16.3\micrometer-commons-1.16.3.jar;C:\Users\Dell\.m2\repository\org\thymeleaf\extras\thymeleaf-extras-springsecurity6\3.1.3.RELEASE\thymeleaf-extras-springsecurity6-3.1.3.RELEASE.jar;C:\Users\Dell\.m2\repository\org\thymeleaf\thymeleaf-spring6\3.1.3.RELEASE\thymeleaf-spring6-3.1.3.RELEASE.jar;C:\Users\Dell\.m2\repository\org\thymeleaf\thymeleaf\3.1.3.RELEASE\thymeleaf-3.1.3.RELEASE.jar;C:\Users\Dell\.m2\repository\org\attoparser\attoparser\2.0.7.RELEASE\attoparser-2.0.7.RELEASE.jar;C:\Users\Dell\.m2\repository\org\unbescape\unbescape\1.1.6.RELEASE\unbescape-1.1.6.RELEASE.jar;C:\Users\Dell\.m2\repository\org\slf4j\slf4j-api\2.0.17\slf4j-api-2.0.17.jar;C:\Users\Dell\.m2\repository\org\springframework\boot\spring-boot-starter-webmvc\4.0.3\spring-boot-starter-webmvc-4.0.3.jar;C:\Users\Dell\.m2\repository\org\springframework\boot\spring-boot-starter-jackson\4.0.3\spring-boot-starter-jackson-4.0.3.jar;C:\Users\Dell\.m2\repository\org\springframework\boot\spring-boot-jackson\4.0.3\spring-boot-jackson-4.0.3.jar;C:\Users\Dell\.m2\repository\tools\jackson\core\jackson-databind\3.0.4\jackson-databind-3.0.4.jar;C:\Users\Dell\.m2\repository\tools\jackson\core\jackson-core\3.0.4\jackson-core-3.0.4.jar;C:\Users\Dell\.m2\repository\org\springframework\boot\spring-boot-starter-tomcat\4.0.3\spring-boot-starter-tomcat-4.0.3.jar;C:\Users\Dell\.m2\repository\org\springframework\boot\spring-boot-starter-tomcat-runtime\4.0.3\spring-boot-starter-tomcat-runtime-4.0.3.jar;C:\Users\Dell\.m2\repository\org\apache\tomcat\embed\tomcat-embed-core\11.0.18\tomcat-embed-core-11.0.18.jar;C:\Users\Dell\.m2\repository\org\apache\tomcat\embed\tomcat-embed-websocket\11.0.18\tomcat-embed-websocket-11.0.18.jar;C:\Users\Dell\.m2\repository\org\springframework\boot\spring-boot-tomcat\4.0.3\spring-boot-tomcat-4.0.3.jar;C:\Users\Dell\.m2\repository\org\springframework\boot\spring-boot-http-converter\4.0.3\spring-boot-http-converter-4.0.3.jar;C:\Users\Dell\.m2\repository\org\springframework\boot\spring-boot-webmvc\4.0.3\spring-boot-webmvc-4.0.3.jar;C:\Users\Dell\.m2\repository\org\springframework\boot\spring-boot-servlet\4.0.3\spring-boot-servlet-4.0.3.jar;C:\Users\Dell\.m2\repository\org\springframework\spring-webmvc\7.0.5\spring-webmvc-7.0.5.jar;C:\Users\Dell\.m2\repository\org\springframework\boot\spring-boot-devtools\4.0.3\spring-boot-devtools-4.0.3.jar;C:\Users\Dell\.m2\repository\org\springframework\boot\spring-boot\4.0.3\spring-boot-4.0.3.jar;C:\Users\Dell\.m2\repository\org\springframework\spring-context\7.0.5\spring-context-7.0.5.jar;C:\Users\Dell\.m2\repository\org\springframework\boot\spring-boot-autoconfigure\4.0.3\spring-boot-autoconfigure-4.0.3.jar;C:\Users\Dell\.m2\repository\org\postgresql\postgresql\42.7.10\postgresql-42.7.10.jar;C:\Users\Dell\.m2\repository\org\checkerframework\checker-qual\3.52.0\checker-qual-3.52.0.jar;C:\Users\Dell\.m2\repository\org\springframework\boot\spring-boot-starter-validation\4.0.3\spring-boot-starter-validation-4.0.3.jar;C:\Users\Dell\.m2\repository\org\springframework\boot\spring-boot-validation\4.0.3\spring-boot-validation-4.0.3.jar;C:\Users\Dell\.m2\repository\org\apache\tomcat\embed\tomcat-embed-el\11.0.18\tomcat-embed-el-11.0.18.jar;C:\Users\Dell\.m2\repository\org\hibernate\validator\hibernate-validator\9.0.1.Final\hibernate-validator-9.0.1.Final.jar;C:\Users\Dell\.m2\repository\jakarta\validation\jakarta.validation-api\3.1.1\jakarta.validation-api-3.1.1.jar;C:\Users\Dell\.m2\repository\org\jboss\logging\jboss-logging\3.6.2.Final\jboss-logging-3.6.2.Final.jar;C:\Users\Dell\.m2\repository\com\fasterxml\classmate\1.7.3\classmate-1.7.3.jar;C:\Users\Dell\.m2\repository\com\fasterxml\jackson\core\jackson-databind\2.20.2\jackson-databind-2.20.2.jar;C:\Users\Dell\.m2\repository\com\fasterxml\jackson\core\jackson-annotations\2.20\jackson-annotations-2.20.jar;C:\Users\Dell\.m2\repository\com\fasterxml\jackson\core\jackson-core\2.20.2\jackson-core-2.20.2.jar;C:\Users\Dell\.m2\repository\com\resend\resend-java\4.13.0\resend-java-4.13.0.jar;C:\Users\Dell\.m2\repository\com\fasterxml\jackson\datatype\jackson-datatype-jsr310\2.20.2\jackson-datatype-jsr310-2.20.2.jar;C:\Users\Dell\.m2\repository\com\squareup\okhttp3\okhttp\4.12.0\okhttp-4.12.0.jar;C:\Users\Dell\.m2\repository\com\squareup\okio\okio\3.6.0\okio-3.6.0.jar;C:\Users\Dell\.m2\repository\com\squareup\okio\okio-jvm\3.6.0\okio-jvm-3.6.0.jar;C:\Users\Dell\.m2\repository\org\jetbrains\kotlin\kotlin-stdlib-common\1.9.10\kotlin-stdlib-common-1.9.10.jar;C:\Users\Dell\.m2\repository\org\jetbrains\kotlin\kotlin-stdlib-jdk8\2.2.21\kotlin-stdlib-jdk8-2.2.21.jar;C:\Users\Dell\.m2\repository\org\jetbrains\kotlin\kotlin-stdlib\2.2.21\kotlin-stdlib-2.2.21.jar;C:\Users\Dell\.m2\repository\org\jetbrains\annotations\13.0\annotations-13.0.jar;C:\Users\Dell\.m2\repository\org\jetbrains\kotlin\kotlin-stdlib-jdk7\2.2.21\kotlin-stdlib-jdk7-2.2.21.jar;C:\Users\Dell\.m2\repository\org\json\json\20250517\json-20250517.jar;C:\Users\Dell\.m2\repository\software\amazon\awssdk\s3\2.20.112\s3-2.20.112.jar;C:\Users\Dell\.m2\repository\software\amazon\awssdk\aws-xml-protocol\2.20.112\aws-xml-protocol-2.20.112.jar;C:\Users\Dell\.m2\repository\software\amazon\awssdk\aws-query-protocol\2.20.112\aws-query-protocol-2.20.112.jar;C:\Users\Dell\.m2\repository\software\amazon\awssdk\protocol-core\2.20.112\protocol-core-2.20.112.jar;C:\Users\Dell\.m2\repository\software\amazon\awssdk\arns\2.20.112\arns-2.20.112.jar;C:\Users\Dell\.m2\repository\software\amazon\awssdk\profiles\2.20.112\profiles-2.20.112.jar;C:\Users\Dell\.m2\repository\software\amazon\awssdk\crt-core\2.20.112\crt-core-2.20.112.jar;C:\Users\Dell\.m2\repository\software\amazon\awssdk\sdk-core\2.20.112\sdk-core-2.20.112.jar;C:\Users\Dell\.m2\repository\org\reactivestreams\reactive-streams\1.0.4\reactive-streams-1.0.4.jar;C:\Users\Dell\.m2\repository\software\amazon\awssdk\auth\2.20.112\auth-2.20.112.jar;C:\Users\Dell\.m2\repository\software\amazon\eventstream\eventstream\1.0.1\eventstream-1.0.1.jar;C:\Users\Dell\.m2\repository\software\amazon\awssdk\http-client-spi\2.20.112\http-client-spi-2.20.112.jar;C:\Users\Dell\.m2\repository\software\amazon\awssdk\regions\2.20.112\regions-2.20.112.jar;C:\Users\Dell\.m2\repository\software\amazon\awssdk\annotations\2.20.112\annotations-2.20.112.jar;C:\Users\Dell\.m2\repository\software\amazon\awssdk\utils\2.20.112\utils-2.20.112.jar;C:\Users\Dell\.m2\repository\software\amazon\awssdk\aws-core\2.20.112\aws-core-2.20.112.jar;C:\Users\Dell\.m2\repository\software\amazon\awssdk\metrics-spi\2.20.112\metrics-spi-2.20.112.jar;C:\Users\Dell\.m2\repository\software\amazon\awssdk\json-utils\2.20.112\json-utils-2.20.112.jar;C:\Users\Dell\.m2\repository\software\amazon\awssdk\third-party-jackson-core\2.20.112\third-party-jackson-core-2.20.112.jar;C:\Users\Dell\.m2\repository\software\amazon\awssdk\endpoints-spi\2.20.112\endpoints-spi-2.20.112.jar;C:\Users\Dell\.m2\repository\software\amazon\awssdk\apache-client\2.20.112\apache-client-2.20.112.jar;C:\Users\Dell\.m2\repository\org\apache\httpcomponents\httpclient\4.5.13\httpclient-4.5.13.jar;C:\Users\Dell\.m2\repository\org\apache\httpcomponents\httpcore\4.4.16\httpcore-4.4.16.jar;C:\Users\Dell\.m2\repository\commons-codec\commons-codec\1.19.0\commons-codec-1.19.0.jar;C:\Users\Dell\.m2\repository\software\amazon\awssdk\netty-nio-client\2.20.112\netty-nio-client-2.20.112.jar;C:\Users\Dell\.m2\repository\io\netty\netty-codec-http\4.2.10.Final\netty-codec-http-4.2.10.Final.jar;C:\Users\Dell\.m2\repository\io\netty\netty-codec-base\4.2.10.Final\netty-codec-base-4.2.10.Final.jar;C:\Users\Dell\.m2\repository\io\netty\netty-codec-compression\4.2.10.Final\netty-codec-compression-4.2.10.Final.jar;C:\Users\Dell\.m2\repository\io\netty\netty-codec-http2\4.2.10.Final\netty-codec-http2-4.2.10.Final.jar;C:\Users\Dell\.m2\repository\io\netty\netty-codec\4.2.10.Final\netty-codec-4.2.10.Final.jar;C:\Users\Dell\.m2\repository\io\netty\netty-codec-protobuf\4.2.10.Final\netty-codec-protobuf-4.2.10.Final.jar;C:\Users\Dell\.m2\repository\io\netty\netty-codec-marshalling\4.2.10.Final\netty-codec-marshalling-4.2.10.Final.jar;C:\Users\Dell\.m2\repository\io\netty\netty-transport\4.2.10.Final\netty-transport-4.2.10.Final.jar;C:\Users\Dell\.m2\repository\io\netty\netty-common\4.2.10.Final\netty-common-4.2.10.Final.jar;C:\Users\Dell\.m2\repository\io\netty\netty-buffer\4.2.10.Final\netty-buffer-4.2.10.Final.jar;C:\Users\Dell\.m2\repository\io\netty\netty-handler\4.2.10.Final\netty-handler-4.2.10.Final.jar;C:\Users\Dell\.m2\repository\io\netty\netty-transport-native-unix-common\4.2.10.Final\netty-transport-native-unix-common-4.2.10.Final.jar;C:\Users\Dell\.m2\repository\io\netty\netty-transport-classes-epoll\4.2.10.Final\netty-transport-classes-epoll-4.2.10.Final.jar;C:\Users\Dell\.m2\repository\io\netty\netty-resolver\4.2.10.Final\netty-resolver-4.2.10.Final.jar;C:\Users\Dell\.m2\repository\org\springframework\boot\spring-boot-starter-session-jdbc\4.0.3\spring-boot-starter-session-jdbc-4.0.3.jar;C:\Users\Dell\.m2\repository\org\springframework\boot\spring-boot-session-jdbc\4.0.3\spring-boot-session-jdbc-4.0.3.jar;C:\Users\Dell\.m2\repository\org\springframework\boot\spring-boot-session\4.0.3\spring-boot-session-4.0.3.jar;C:\Users\Dell\.m2\repository\org\springframework\session\spring-session-core\4.0.2\spring-session-core-4.0.2.jar;C:\Users\Dell\.m2\repository\org\springframework\session\spring-session-jdbc\4.0.2\spring-session-jdbc-4.0.2.jar;C:\Users\Dell\.m2\repository\jakarta\xml\bind\jakarta.xml.bind-api\4.0.4\jakarta.xml.bind-api-4.0.4.jar;C:\Users\Dell\.m2\repository\jakarta\activation\jakarta.activation-api\2.1.4\jakarta.activation-api-2.1.4.jar;C:\Users\Dell\.m2\repository\net\bytebuddy\byte-buddy\1.17.8\byte-buddy-1.17.8.jar;C:\Users\Dell\.m2\repository\org\springframework\spring-core\7.0.5\spring-core-7.0.5.jar;C:\Users\Dell\.m2\repository\commons-logging\commons-logging\1.3.5\commons-logging-1.3.5.jar;C:\Users\Dell\.m2\repository\org\jspecify\jspecify\1.0.0\jspecify-1.0.0.jar;C:\Users\Dell\.m2\repository\org\springframework\boot\spring-boot-web-server\4.0.3\spring-boot-web-server-4.0.3.jar
Launcher Type: SUN_STANDARD

[Global flags]
     intx CICompilerCount                          = 4                                         {product} {ergonomic}
     uint ConcGCThreads                            = 2                                         {product} {ergonomic}
     uint G1ConcRefinementThreads                  = 8                                         {product} {ergonomic}
   size_t G1HeapRegionSize                         = 1048576                                   {product} {ergonomic}
   size_t InitialHeapSize                          = 130023424                                 {product} {ergonomic}
   size_t MarkStackSize                            = 4194304                                   {product} {ergonomic}
   size_t MarkStackSizeMax                         = 536870912                                 {product} {ergonomic}
   size_t MaxHeapSize                              = 2076180480                                {product} {ergonomic}
   size_t MaxNewSize                               = 1245708288                                {product} {ergonomic}
   size_t MinHeapDeltaBytes                        = 1048576                                   {product} {ergonomic}
   size_t MinHeapSize                              = 8388608                                   {product} {ergonomic}
    uintx NonNMethodCodeHeapSize                   = 5832704                                {pd product} {ergonomic}
    uintx NonProfiledCodeHeapSize                  = 122945536                              {pd product} {ergonomic}
    uintx ProfiledCodeHeapSize                     = 122880000                              {pd product} {ergonomic}
    uintx ReservedCodeCacheSize                    = 251658240                              {pd product} {ergonomic}
     bool SegmentedCodeCache                       = true                                      {product} {ergonomic}
     bool ShowCodeDetailsInExceptionMessages       = true                                   {manageable} {command line}
   size_t SoftMaxHeapSize                          = 2076180480                             {manageable} {ergonomic}
     bool UseCompressedOops                        = true                           {product lp64_product} {ergonomic}
     bool UseG1GC                                  = true                                      {product} {ergonomic}
     bool UseLargePagesIndividualAllocation        = false                                  {pd product} {ergonomic}

Logging:
Log output configuration:
 #0: stdout all=warning uptime,level,tags foldmultilines=false
 #1: stderr all=off uptime,level,tags foldmultilines=false

Environment Variables:
PATH=D:\Microsoft VS Code;C:\Program Files\Common Files\Oracle\Java\javapath;C:\WINDOWS\system32;C:\WINDOWS;C:\WINDOWS\System32\Wbem;C:\WINDOWS\System32\WindowsPowerShell\v1.0\;C:\WINDOWS\System32\OpenSSH\;C:\Program Files\dotnet\;C:\Program Files (x86)\Microsoft SQL Server\100\Tools\Binn\;C:\Program Files\Microsoft SQL Server\100\Tools\Binn\;C:\Program Files\Microsoft SQL Server\100\DTS\Binn\;D:\program language\;D:\Git\cmd;D:\app\bin;C:\Users\Dell\AppData\Local\Microsoft\WindowsApps;D:\Java-IntelliJ\IntelliJ IDEA 2025.2.1\bin;D:\Microsoft VS Code\bin;C:\Users\Dell\AppData\Roaming\npm;c:\Users\Dell\.vscode\extensions\vscjava.vscode-java-debug-0.58.5\bundled\scripts\noConfigScripts;c:\Users\Dell\AppData\Roaming\Code\User\globalStorage\github.copilot-chat\debugCommand
USERNAME=Dell
LANG=en_US.UTF-8
OS=Windows_NT
PROCESSOR_IDENTIFIER=Intel64 Family 6 Model 140 Stepping 1, GenuineIntel
TMP=C:\Users\Dell\AppData\Local\Temp
TEMP=C:\Users\Dell\AppData\Local\Temp




Periodic native trim disabled

---------------  S Y S T E M  ---------------

OS:
 Windows 11 , 64 bit Build 26100 (10.0.26100.8115)
OS uptime: 3 days 6:16 hours

CPU: total 8 (initial active 8) (4 cores per cpu, 2 threads per core) family 6 model 140 stepping 1 microcode 0xbc, cx8, cmov, fxsr, ht, mmx, 3dnowpref, sse, sse2, sse3, ssse3, sse4.1, sse4.2, popcnt, lzcnt, tsc, tscinvbit, avx, avx2, aes, erms, clmul, bmi1, bmi2, adx, avx512f, avx512dq, avx512cd, avx512bw, avx512vl, sha, fma, vzeroupper, avx512_vpopcntdq, avx512_vpclmulqdq, avx512_vaes, avx512_vnni, clflush, clflushopt, clwb, avx512_vbmi2, avx512_vbmi, rdtscp, rdpid, fsrm, gfni, avx512_bitalg, f16c, pku, cet_ibt, cet_ss, avx512_ifma
Processor Information for the first 8 processors :
  Max Mhz: 2419, Current Mhz: 2419, Mhz Limit: 2419

Memory: 4k page, system-wide physical 7914M (315M free)
TotalPageFile size 22094M (AvailPageFile size 3M)
current process WorkingSet (physical memory assigned to process): 543M, peak: 854M
current process commit charge ("private bytes"): 728M, peak: 1156M

vm_info: Java HotSpot(TM) 64-Bit Server VM (24.0.2+12-54) for windows-amd64 JRE (24.0.2+12-54), built on 2025-07-08T12:10:27Z with MS VC++ 17.6 (VS2022)

END.
